ts	pair	grade	ret_24h	net_24h	mfe_24h	mae_24h
2026-05-01T03:15:00+00:00	ADA/USDT	A	-0.0040112314480545	-0.0060112314480545	0.00882470918572	-0.0092258323305254
2026-05-01T13:45:00+00:00	ADA/USDT	B	-0.0067864271457086	-0.0087864271457086	0.0019960079840319	-0.0139720558882235
2026-05-02T21:30:00+00:00	ADA/USDT	A	-0.0127084988085783	-0.0147084988085783	0.001191421763304	-0.017077045274027
2026-05-04T02:00:00+00:00	ADA/USDT	B	-0.0047505938242279	-0.0067505938242279	0.009501187648456	-0.0221694378463974
2026-05-08T21:30:00+00:00	ADA/USDT	B	-0.0183982683982684	-0.0203982683982684	0.0046897546897548	-0.0277777777777776
2026-05-10T15:30:00+00:00	ADA/USDT	B	0.0176703930760908	0.0156703930760908	0.0411107104219257	-0.0119004688063467
2026-05-14T18:15:00+00:00	ADA/USDT	B	-0.0542299349240781	-0.0562299349240781	0.0137382501807663	-0.0715835140997832
2026-05-25T08:45:00+00:00	ADA/USDT	B	-0.0158536585365852	-0.0178536585365852	0.0081300813008129	-0.0268292682926829
2026-05-29T15:30:00+00:00	ADA/USDT	B	0.000847098686997	-0.0011529013130029	0.013977128335451	-0.0232952138924185
2026-06-07T22:00:00+00:00	ADA/USDT	B	0.0245656081485921	0.022565608148592	0.0455362492510484	-0.0413421210305571
2026-06-10T12:30:00+00:00	ADA/USDT	B	0.0246609124537606	0.0226609124537606	0.0363748458692971	-0.0246609124537607
2026-06-11T03:45:00+00:00	ADA/USDT	B	0.0312124849939976	0.0292124849939976	0.0324129651860742	-0.0150060024009603
2026-06-11T17:30:00+00:00	ADA/USDT	B	0.0195497630331753	0.0175497630331753	0.0331753554502369	-0.0077014218009477
2026-06-14T21:15:00+00:00	ADA/USDT	B	0.053706946876824	0.051706946876824	0.1091652072387623	-0.002918855808523
2026-06-20T05:00:00+00:00	ADA/USDT	A	-0.0243309002433089	-0.0263309002433089	0.0012165450121655	-0.0267639902676398
2026-06-22T01:15:00+00:00	ADA/USDT	B	-0.0135970333745365	-0.0155970333745365	0.0092707045735476	-0.0284301606922126
2026-06-29T12:00:00+00:00	ADA/USDT	A	-0.0218281036834925	-0.0238281036834925	0.015006821282401	-0.0231923601637108
2026-07-01T03:30:00+00:00	ADA/USDT	B	0.0442655935613682	0.0422655935613682	0.0603621730382293	-0.0020120724346077
2026-07-06T15:45:00+00:00	ADA/USDT	B			0.0053734551316495	-0.0515851692638366
2026-05-01T03:15:00+00:00	AVAX/USDT	A	-0.0043620501635768	-0.0063620501635768	0.010905125408942	-0.0119956379498363
2026-05-02T21:30:00+00:00	AVAX/USDT	A	-0.015200868621064	-0.017200868621064	0.002171552660152	-0.0260586319218241
2026-05-10T08:00:00+00:00	AVAX/USDT	A	0.0049950049950051	0.0029950049950051	0.0479520479520481	-0.0069930069930069
2026-05-20T15:15:00+00:00	AVAX/USDT	B	0.0059937921438508	0.0039937921438508	0.0186235684469655	-0.0131649363159583
2026-05-23T20:30:00+00:00	AVAX/USDT	B	-0.0281705001055074	-0.0301705001055074	0.0118168389955686	-0.0358725469508335
2026-05-26T10:15:00+00:00	AVAX/USDT	A	-0.0272765867119508	-0.0292765867119508	0.0072171513479091	-0.0400127361494375
2026-05-31T05:30:00+00:00	AVAX/USDT	A	-0.0154627788822619	-0.0174627788822619	0.0022089684117516	-0.0280538988292466
2026-06-07T08:45:00+00:00	AVAX/USDT	B	-0.0306953738725631	-0.0326953738725631	0.0130928135001455	-0.0532441082339248
2026-06-07T22:00:00+00:00	AVAX/USDT	B	-0.0133643230679838	-0.0153643230679838	0.011621150493899	-0.0502614758861127
2026-06-10T12:30:00+00:00	AVAX/USDT	B	0.0003051106025935	-0.0016948893974064	0.0166285278413425	-0.0387490465293668
2026-06-11T03:45:00+00:00	AVAX/USDT	B	0.0093982113081703	0.0073982113081703	0.0166742458693345	-0.0183416704562681
2026-06-14T21:15:00+00:00	AVAX/USDT	B	0.0388334844363855	0.0368334844363855	0.0696585071018434	0.0
2026-06-20T07:15:00+00:00	AVAX/USDT	B	0.0030600740860042	0.0010600740860042	0.013367692059913	-0.0293122886133031
2026-06-22T01:15:00+00:00	AVAX/USDT	B	-0.0031710797526558	-0.0051710797526558	0.0261614079594101	-0.0223561122562232
2026-06-23T14:00:00+00:00	AVAX/USDT	B	-0.0072111616240788	-0.0092111616240788	0.0258661232168051	-0.0169305533782724
2026-06-26T22:30:00+00:00	AVAX/USDT	B	-0.0173047473200613	-0.0193047473200613	0.0223583460949463	-0.029709035222052
2026-06-29T12:00:00+00:00	AVAX/USDT	B	-0.0333084391336818	-0.0353084391336818	0.0189693801344286	-0.0368932038834951
2026-06-29T17:00:00+00:00	AVAX/USDT	B	-0.0348837209302324	-0.0368837209302324	0.0041212834854282	-0.060200176626435
2026-07-02T09:30:00+00:00	AVAX/USDT	A	0.0119857946137911	0.0099857946137911	0.0196803788102988	-0.0060668836934004
2026-07-04T17:45:00+00:00	AVAX/USDT	B	-0.0232787810383747	-0.0252787810383747	0.0012697516930022	-0.0472629796839728
2026-07-05T22:15:00+00:00	AVAX/USDT	A	0.0021462297896694	0.0001462297896694	0.0141651166118186	-0.0393475461439404
2026-07-06T21:00:00+00:00	AVAX/USDT	B			0.0027135104255926	-0.0434161668094829
2026-05-01T03:15:00+00:00	BNB/USDT	A	-0.0058541777541245	-0.0078541777541245	0.0044672375699517	-0.0101278887867499
2026-05-01T12:15:00+00:00	BNB/USDT	A	-0.0054376764824526	-0.0074376764824526	0.0049858814037919	-0.0096167809600645
2026-05-03T22:30:00+00:00	BNB/USDT	A	0.0044401544401544	0.0024401544401544	0.0279922779922778	-0.0096364221364221
2026-05-04T04:00:00+00:00	BNB/USDT	B	-0.0140667778581992	-0.0160667778581992	0.0054441891934418	-0.0244516474179437
2026-05-05T13:00:00+00:00	BNB/USDT	B	0.0325097940098573	0.0305097940098573	0.0493175786680146	-0.0082617212182485
2026-05-06T12:15:00+00:00	BNB/USDT	B	-0.0117215448082689	-0.0137215448082689	0.011188747316984	-0.0232451934054893
2026-05-11T22:45:00+00:00	BNB/USDT	A	-0.0056710492933574	-0.0076710492933574	0.0043726774814569	-0.0292208276747205
2026-05-13T01:00:00+00:00	BNB/USDT	B	0.0007115960506418	-0.0012884039493581	0.0165149583419812	-0.015966436386278
2026-05-14T12:45:00+00:00	BNB/USDT	B	0.006619977884261	0.004619977884261	0.0172945079248065	-0.0065757464061924
2026-05-15T07:15:00+00:00	BNB/USDT	B	-0.0395732665774001	-0.0415732665774001	0.0042207603190311	-0.0449438202247191
2026-05-20T05:30:00+00:00	BNB/USDT	B	0.0163408864541831	0.0143408864541831	0.0209163346613545	-0.0019920318725099
2026-05-25T12:00:00+00:00	BNB/USDT	A	-0.0062330094171009	-0.0082330094171009	0.0109040116549767	-0.0157252068908546
2026-05-29T16:30:00+00:00	BNB/USDT	B	0.0994391013191218	0.0974391013191218	0.1009306878389086	-0.0082192632184086
2026-06-01T09:30:00+00:00	BNB/USDT	B	-0.055911700763699	-0.057911700763699	0.0167372763253248	-0.0606081721389151
2026-06-07T01:00:00+00:00	BNB/USDT	B	0.038988882549233	0.036988882549233	0.0556218337742275	-0.0023687259021042
2026-06-07T05:15:00+00:00	BNB/USDT	B	0.0172528655130592	0.0152528655130592	0.0429271792418988	-0.0026647990297397
2026-06-07T22:00:00+00:00	BNB/USDT	B	-0.0027170780707098	-0.0047170780707098	0.0053847547219523	-0.0258863438009452
2026-06-10T12:30:00+00:00	BNB/USDT	B	0.0179825603094356	0.0159825603094356	0.0242764564177382	-0.0124860041393818
2026-06-11T08:00:00+00:00	BNB/USDT	B	0.0026279460439431	0.0006279460439431	0.0101458676380088	-0.008648936347155
2026-06-11T17:30:00+00:00	BNB/USDT	A	0.0042198282281686	0.0022198282281686	0.0150589948534645	-0.0127587747604626
2026-06-14T21:15:00+00:00	BNB/USDT	B	0.0105330197922788	0.0085330197922788	0.0335423607028544	-0.0011104579005815
2026-06-16T07:15:00+00:00	BNB/USDT	A	-0.0177561765897125	-0.0197561765897125	0.0036452004860267	-0.0257918185500202
2026-06-20T05:00:00+00:00	BNB/USDT	A	0.0093710918092886	0.0073710918092886	0.0124890784807523	-0.0037518630826952
2026-06-22T01:15:00+00:00	BNB/USDT	B	-0.0043090388823431	-0.0063090388823431	0.013819222353139	-0.0104696179094428
2026-06-24T11:45:00+00:00	BNB/USDT	A	-0.0294761896548748	-0.0314761896548748	0.0009313717035479	-0.0572448645199122
2026-06-29T12:00:00+00:00	BNB/USDT	A	-0.0185620258612959	-0.0205620258612959	0.0099894187485427	-0.0204809985831885
2026-07-01T13:45:00+00:00	BNB/USDT	B	0.0291734197730955	0.0271734197730955	0.0328519658368691	-0.0053175022308014
2026-07-02T03:45:00+00:00	BNB/USDT	B	0.0073617869391127	0.0053617869391127	0.0183865117698813	-0.0147056183003249
2026-07-02T13:30:00+00:00	BNB/USDT	B	-0.0008464712728809	-0.0028464712728809	0.001375515818432	-0.0192219518216766
2026-07-04T08:45:00+00:00	BNB/USDT	B	0.0054067210236261	0.0034067210236261	0.0065888979676986	-0.0122042384520435
2026-07-04T15:00:00+00:00	BNB/USDT	A	0.0206756475244775	0.0186756475244775	0.0239740295812791	-0.0136275258662591
2026-07-05T12:15:00+00:00	BNB/USDT	B	-0.0145021830322744	-0.0165021830322744	0.016128756099649	-0.0202893587877748
2026-05-01T03:15:00+00:00	BTC/USDT	B	0.0153364835766396	0.0133364835766396	0.0222265343510934	-0.0070554689891366
2026-05-01T13:45:00+00:00	BTC/USDT	B	-0.0047017130136354	-0.0067017130136354	0.001708720877511	-0.012513262463032
2026-05-02T21:30:00+00:00	BTC/USDT	A	-0.0013535656309294	-0.0033535656309294	0.0058539461190276	-0.009169147738383
2026-05-03T22:00:00+00:00	BTC/USDT	A	0.0138821476582888	0.0118821476582888	0.019147772471008	-0.0133403819233945
2026-05-06T08:30:00+00:00	BTC/USDT	A	-0.0054281511103854	-0.0074281511103854	0.0140757632710204	-0.011932923876019
2026-05-10T22:30:00+00:00	BTC/USDT	B	-0.0012171520376397	-0.0032171520376397	0.0072225584543159	-0.0174007435532584
2026-05-20T05:00:00+00:00	BTC/USDT	A	0.0088378879759014	0.0068378879759014	0.0123011798913865	-0.0043814585499752
2026-05-21T17:00:00+00:00	BTC/USDT	B	-0.0070601203638084	-0.0090601203638084	0.0075880521754545	-0.0121275948745199
2026-05-24T10:15:00+00:00	BTC/USDT	A	0.0038248321886109	0.0018248321886109	0.0059552053282243	-0.0146554912811356
2026-05-26T14:15:00+00:00	BTC/USDT	B	-0.039539549298087	-0.041539549298087	0.0004834629751251	-0.0410484309580493
2026-06-07T06:30:00+00:00	BTC/USDT	B	0.0135596321689897	0.0115596321689897	0.0328332799240553	-0.0162187871275547
2026-06-07T22:00:00+00:00	BTC/USDT	B	-0.0046073897518014	-0.0066073897518014	0.0101860475210491	-0.0185412170856361
2026-06-11T17:30:00+00:00	BTC/USDT	B	0.007831902960889	0.005831902960889	0.016775882141079	-0.0079293260799163
2026-06-12T15:00:00+00:00	BTC/USDT	B	-0.0013157894736841	-0.0033157894736841	0.0003485987696514	-0.015099732803082
2026-06-13T21:30:00+00:00	BTC/USDT	A	0.01088639283754	0.00888639283754	0.0134739071016245	-0.0137673972273468
2026-06-14T21:15:00+00:00	BTC/USDT	B	0.0252416944384537	0.0232416944384536	0.0388603807921483	-0.0014555004811271
2026-06-17T15:45:00+00:00	BTC/USDT	B	-0.0514440703619769	-0.0534440703619769	0.0105539011062629	-0.0525950621418455
2026-06-19T23:45:00+00:00	BTC/USDT	B	0.0118675435407646	0.0098675435407646	0.0132837298308727	-0.0056604961294475
2026-06-20T14:45:00+00:00	BTC/USDT	B	0.0030659938483093	0.0010659938483093	0.0099781234998022	-0.0034353454813846
2026-06-22T01:15:00+00:00	BTC/USDT	B	-0.0068716542098471	-0.0088716542098471	0.014984685404664	-0.0131379322025038
2026-06-22T13:30:00+00:00	BTC/USDT	B	-0.046017428527748	-0.048017428527748	0.0032537838251032	-0.0530805687203791
2026-06-28T08:30:00+00:00	BTC/USDT	B	-0.0095850397878159	-0.0115850397878159	0.0005391285043145	-0.0256313502480834
2026-06-29T03:00:00+00:00	BTC/USDT	B	-0.001729393065862	-0.003729393065862	0.0129468661187783	-0.0165441436871153
2026-06-29T12:00:00+00:00	BTC/USDT	A	-0.0273950047146946	-0.0293950047146946	0.0016345263656172	-0.0275571882322672
2026-07-01T15:15:00+00:00	BTC/USDT	B	0.0233311369336381	0.0213311369336381	0.0313240642392194	-0.011984914149733
2026-07-04T15:00:00+00:00	BTC/USDT	A	-0.0002844375116891	-0.0022844375116891	0.0101270577748773	-0.0061942754364253
2026-07-06T15:45:00+00:00	BTC/USDT	B			0.0181603934662741	-0.0117392162336626
2026-05-01T13:00:00+00:00	DOGE/USDT	B	-0.020952380952381	-0.022952380952381	0.0027210884353741	-0.0282086167800453
2026-05-10T09:00:00+00:00	DOGE/USDT	A	0.0088105726872247	0.0068105726872247	0.0357929515418502	-0.02321953010279
2026-05-13T04:30:00+00:00	DOGE/USDT	B	0.00462715785727	0.00262715785727	0.0274070119238298	-0.0242925787506673
2026-05-26T14:15:00+00:00	DOGE/USDT	B	-0.0259327099199845	-0.0279327099199845	0.0005784247565794	-0.033259423503326
2026-05-29T15:15:00+00:00	DOGE/USDT	B	0.0101705055339513	0.0081705055339513	0.0153554691394954	-0.0108684814039287
2026-06-01T03:00:00+00:00	DOGE/USDT	B	-0.0062185371631624	-0.0082185371631624	0.002665087355641	-0.0346461356233342
2026-06-07T22:00:00+00:00	DOGE/USDT	B	0.0024263431542461	0.0004263431542461	0.0116695551704217	-0.0253032928942806
2026-06-09T04:30:00+00:00	DOGE/USDT	B	-0.0313116084889251	-0.0333116084889251	0.0060303838571262	-0.0356024585411109
2026-06-13T21:30:00+00:00	DOGE/USDT	A	0.002829975096219	0.000829975096219	0.0052071541770433	-0.0301109350237717
2026-06-15T13:15:00+00:00	DOGE/USDT	B	-0.0362414628772858	-0.0382414628772858	0.0006609385327165	-0.0447235073804802
2026-06-20T05:00:00+00:00	DOGE/USDT	A	-0.0077344121846739	-0.0097344121846739	0.0035697287006186	-0.0168967158495955
2026-06-21T17:00:00+00:00	DOGE/USDT	A	-0.0043015891982315	-0.0063015891982315	0.0167284024375671	-0.0185207312701636
2026-06-22T01:15:00+00:00	DOGE/USDT	B	-0.0172577957629135	-0.0192577957629135	0.0127350630802189	-0.0254701261604379
2026-06-29T12:00:00+00:00	DOGE/USDT	B	-0.0439322033898303	-0.0459322033898303	0.0073220338983051	-0.0459661016949151
2026-06-30T18:15:00+00:00	DOGE/USDT	B	0.0148261050297908	0.0128261050297908	0.0202300124705556	-0.0231398087848136
2026-07-02T09:30:00+00:00	DOGE/USDT	B	0.0186369201469187	0.0166369201469187	0.0282954700040809	-0.0025846823561421
2026-07-03T15:00:00+00:00	DOGE/USDT	B	0.015472630347159	0.013472630347159	0.0205434923937068	-0.0100117019893383
2026-07-05T12:30:00+00:00	DOGE/USDT	A	-0.0089098532494759	-0.0109098532494759	0.0328878406708594	-0.0107442348008386
2026-05-01T03:15:00+00:00	ETH/USDT	A	0.0089455694485169	0.0069455694485169	0.0176591843076157	-0.0056194281662894
2026-05-01T12:15:00+00:00	ETH/USDT	A	0.0001128080527592	-0.0018871919472407	0.0088858035404373	-0.0112027073932663
2026-05-02T21:30:00+00:00	ETH/USDT	A	-0.003534737493128	-0.005534737493128	0.006884792468389	-0.0131983576140736
2026-05-03T22:00:00+00:00	ETH/USDT	A	0.0068486732825077	0.0048486732825077	0.0217343157715403	-0.0164657779292134
2026-05-04T03:00:00+00:00	ETH/USDT	B	-0.0052069795326296	-0.0072069795326296	0.0057310314179583	-0.0297703395017734
2026-05-04T14:45:00+00:00	ETH/USDT	B	0.0031120856877793	0.0011120856877793	0.0118495403559077	-0.0149236737792021
2026-05-06T09:30:00+00:00	ETH/USDT	B	-0.0370218714843492	-0.0390218714843492	0.0024733637747333	-0.0429612533915692
2026-05-09T17:00:00+00:00	ETH/USDT	B	0.0075782932962571	0.0055782932962571	0.0105821468111948	-0.0051537543877718
2026-05-10T15:30:00+00:00	ETH/USDT	A	-0.0058973493955323	-0.0078973493955323	0.0174230163169963	-0.0161120197460851
2026-05-20T05:00:00+00:00	ETH/USDT	B	0.0083498463232905	0.0063498463232904	0.0154900474915158	-0.0050456794016728
2026-05-20T15:15:00+00:00	ETH/USDT	B	-0.0014633074488424	-0.0034633074488424	0.0086536168939548	-0.0158205508207143
2026-05-21T17:15:00+00:00	ETH/USDT	B	-0.0087128620657539	-0.0107128620657539	0.0029570643568965	-0.0162661823600634
2026-05-23T20:30:00+00:00	ETH/USDT	B	-0.0165822612515781	-0.0185822612515781	0.0090866849088748	-0.0239698862756326
2026-05-26T10:15:00+00:00	ETH/USDT	A	-0.0168623809097294	-0.0188623809097294	0.0090510962668941	-0.031221568008146
2026-05-29T15:00:00+00:00	ETH/USDT	B	0.0054902620869925	0.0034902620869925	0.0131934611919164	-0.0088814519243146
2026-06-07T08:45:00+00:00	ETH/USDT	B	0.0120754257166357	0.0100754257166357	0.0490937338166754	-0.022755658451884
2026-06-07T22:00:00+00:00	ETH/USDT	B	-0.0059830968697471	-0.0079830968697471	0.0120308440985976	-0.0331832661361419
2026-06-11T17:30:00+00:00	ETH/USDT	B	-0.0049420545593285	-0.0069420545593285	0.0096277661198014	-0.0151123140022892
2026-06-13T21:30:00+00:00	ETH/USDT	A	0.0169869117237537	0.0149869117237537	0.022017217985863	-0.0194754024541258
2026-06-15T13:00:00+00:00	ETH/USDT	B	0.0048604569498402	0.0028604569498402	0.0309185260329865	-0.0201051241032957
2026-06-20T05:00:00+00:00	ETH/USDT	A	0.0012545528126264	-0.0007454471873735	0.0114759784933802	-0.0124819332832284
2026-06-20T15:15:00+00:00	ETH/USDT	B	-0.0062723808649342	-0.0082723808649342	0.0020716646772565	-0.0145877329905426
2026-06-22T01:15:00+00:00	ETH/USDT	B	-0.010648132297052	-0.012648132297052	0.0156811723217036	-0.0202006368336358
2026-06-22T11:30:00+00:00	ETH/USDT	B	-0.05799237956999	-0.05999237956999	0.0091966796697813	-0.0725925337929782
2026-06-27T15:00:00+00:00	ETH/USDT	B	-0.0145367650719371	-0.0165367650719371	0.0025265096828794	-0.0277231542788868
2026-06-29T03:00:00+00:00	ETH/USDT	B	0.0052341806518416	0.0032341806518416	0.0339432511270219	-0.016712757762877
2026-06-29T12:00:00+00:00	ETH/USDT	A	-0.0135897853980357	-0.0155897853980357	0.0269663485055626	-0.0233478408107463
2026-06-29T17:00:00+00:00	ETH/USDT	B	-0.0285009032194205	-0.0305009032194205	0.0130781222934348	-0.0409789413773478
2026-07-01T13:45:00+00:00	ETH/USDT	B	0.0710609684326517	0.0690609684326517	0.0729705363068331	-0.0037690487221547
2026-07-02T09:30:00+00:00	ETH/USDT	B	0.0488305143545766	0.0468305143545766	0.0560549716073353	-0.0028970864804659
2026-07-04T13:15:00+00:00	ETH/USDT	A	-0.002923050828292	-0.004923050828292	0.0220218239384859	-0.0112568553174648
2026-07-06T15:45:00+00:00	ETH/USDT	B			0.0250647165053647	-0.0173322822142829
2026-07-06T21:00:00+00:00	ETH/USDT	A			0.000830035180299	-0.033877528583993
2026-05-01T13:45:00+00:00	LINK/USDT	B	-0.0161987041036717	-0.0181987041036717	0.0021598272138227	-0.0215982721382288
2026-05-02T14:45:00+00:00	LINK/USDT	A	0.0032858707557501	0.0012858707557501	0.013143483023001	-0.0065717415115006
2026-05-02T21:30:00+00:00	LINK/USDT	A	-0.0097719869706842	-0.0117719869706842	0.002171552660152	-0.015200868621064
2026-05-03T22:00:00+00:00	LINK/USDT	A	0.0239390642002177	0.0219390642002177	0.0511425462459196	-0.0108813928182807
2026-05-04T08:45:00+00:00	LINK/USDT	B	0.0180851063829787	0.0160851063829787	0.0276595744680849	-0.0117021276595745
2026-05-05T10:15:00+00:00	LINK/USDT	B	0.0548654244306416	0.0528654244306416	0.0559006211180124	-0.0031055900621117
2026-05-08T14:30:00+00:00	LINK/USDT	B	0.0319042871385841	0.0299042871385841	0.0578265204386838	-0.0069790628115651
2026-05-10T15:45:00+00:00	LINK/USDT	B	-0.0047036688617122	-0.0067036688617122	0.022577610536218	-0.0216368767638758
2026-05-23T20:30:00+00:00	LINK/USDT	B	-0.0263048881524442	-0.0283048881524442	0.0132560066280034	-0.0323115161557582
2026-05-26T14:15:00+00:00	LINK/USDT	B	-0.0382231404958677	-0.0402231404958677	0.0005165289256199	-0.0422520661157023
2026-05-29T15:15:00+00:00	LINK/USDT	B	0.0196772053946496	0.0176772053946496	0.0297369002874199	-0.0135971700198982
2026-06-07T22:00:00+00:00	LINK/USDT	B	0.011835809619743	0.009835809619743	0.0234197935028959	-0.0277008310249307
2026-06-11T03:45:00+00:00	LINK/USDT	B	0.0130718954248365	0.0110718954248365	0.0237088299372036	-0.0147379213123157
2026-06-11T17:30:00+00:00	LINK/USDT	B	-0.0011415525114155	-0.0031415525114155	0.0161085743277522	-0.0166159309994926
2026-06-14T21:15:00+00:00	LINK/USDT	A	0.0437117522168102	0.0417117522168102	0.0740601973273384	-0.0004995628824777
2026-06-15T13:15:00+00:00	LINK/USDT	B	-0.0249265138154028	-0.0269265138154028	0.0111699000587888	-0.0416225749559083
2026-06-22T01:15:00+00:00	LINK/USDT	B	-0.0101389410439353	-0.0121389410439353	0.0207785705344849	-0.021028914757792
2026-06-22T11:30:00+00:00	LINK/USDT	B	-0.0551903757906486	-0.0571903757906486	0.0114101451072801	-0.0724296167679524
2026-06-23T14:00:00+00:00	LINK/USDT	B	-0.0218329193358608	-0.0238329193358608	0.0066675382402927	-0.0262779448293893
2026-06-29T12:00:00+00:00	LINK/USDT	A	-0.0237837837837837	-0.0257837837837837	0.0136486486486486	-0.0267567567567568
2026-07-02T09:30:00+00:00	LINK/USDT	B	0.0250395361096467	0.0230395361096467	0.0469161834475486	-0.0027675276752767
2026-07-06T21:00:00+00:00	LINK/USDT	B			0.0014811157738829	-0.0355467785731918
2026-05-01T03:15:00+00:00	LTC/USDT	A	0.0017998560115188	-0.0002001439884811	0.0084593232541396	-0.0118790496760259
2026-05-01T13:45:00+00:00	LTC/USDT	B	-0.0037803780378036	-0.0057803780378036	0.0086408640864086	-0.0075607560756074
2026-05-01T18:15:00+00:00	LTC/USDT	B	-0.0110912343470482	-0.0130912343470482	0.0023255813953488	-0.0137745974955276
2026-05-04T02:00:00+00:00	LTC/USDT	B	-0.0144823887001609	-0.0164823887001609	0.0089397461112104	-0.0209190059002324
2026-05-14T18:00:00+00:00	LTC/USDT	B	-0.0226228950501785	-0.0246228950501785	0.0130974655553666	-0.0408232692634801
2026-05-28T15:30:00+00:00	LTC/USDT	B	0.0146028037383176	0.0126028037383176	0.0188862928348909	-0.0038940809968848
2026-05-29T15:15:00+00:00	LTC/USDT	B	0.0086571758368603	0.0066571758368603	0.0153905348210852	-0.0090419392073873
2026-06-15T10:15:00+00:00	LTC/USDT	B	-0.0017490161783997	-0.0037490161783997	0.0135548753825971	-0.0102754700480979
2026-06-21T10:15:00+00:00	LTC/USDT	B	-0.0095090667846086	-0.0115090667846086	0.0190181335692172	-0.0183547103051746
2026-06-27T07:15:00+00:00	LTC/USDT	A	-0.0021206409048066	-0.0041206409048066	0.0202639019792647	-0.0131950989632421
2026-07-03T20:15:00+00:00	LTC/USDT	B	0.0013380909901872	-0.0006619090098127	0.0194023193577161	-0.0196253345227476
2026-05-01T03:15:00+00:00	SOL/USDT	B	-0.0029715915844525	-0.0049715915844525	0.0086770474266018	-0.0095090930702483
2026-05-01T13:45:00+00:00	SOL/USDT	B	-0.0079186857345467	-0.0099186857345467	0.0014182720718591	-0.0151282354331639
2026-05-03T22:00:00+00:00	SOL/USDT	A	-0.0030678466076696	-0.0050678466076696	0.0135693215339234	-0.0179351032448377
2026-05-04T02:30:00+00:00	SOL/USDT	B	-0.0091217401473512	-0.0111217401473512	0.0045608700736756	-0.0266635481230265
2026-05-06T09:30:00+00:00	SOL/USDT	B	0.0005602240896358	-0.0014397759103641	0.0133333333333331	-0.0199439775910363
2026-05-08T17:15:00+00:00	SOL/USDT	B	0.0322187776793623	0.0302187776793623	0.0426262178919398	0.0
2026-05-10T08:00:00+00:00	SOL/USDT	A	0.0138681459355665	0.0118681459355665	0.0347770428845743	-0.0088542777896308
2026-05-10T17:00:00+00:00	SOL/USDT	B	0.0205839109430792	0.0185839109430792	0.0291955471539593	-0.0187985717286283
2026-05-20T14:30:00+00:00	SOL/USDT	B	0.0051413881748072	0.0031413881748072	0.0197476045805093	-0.0030380930123861
2026-05-21T17:15:00+00:00	SOL/USDT	B	-0.008996697414873	-0.010996697414873	0.0021637626693997	-0.0175378658467145
2026-05-26T10:15:00+00:00	SOL/USDT	A	-0.0178842781998831	-0.0198842781998831	0.006779661016949	-0.0314436002337813
2026-05-29T15:15:00+00:00	SOL/USDT	B	0.0006050338818972	-0.0013949661181027	0.0072604065827686	-0.0125847047434657
2026-06-07T08:45:00+00:00	SOL/USDT	B	-0.0050030321406913	-0.0070030321406913	0.0297149787750152	-0.0351728320194055
2026-06-07T22:00:00+00:00	SOL/USDT	B	-0.0040100995098766	-0.0060100995098766	0.0124758651418388	-0.0349027179563343
2026-06-09T04:30:00+00:00	SOL/USDT	B	-0.0429402117190993	-0.0449402117190993	0.0059639182943194	-0.0526315789473683
2026-06-10T12:30:00+00:00	SOL/USDT	B	0.0158656089594027	0.0138656089594027	0.0289314045730284	-0.0303313112459169
2026-06-13T21:30:00+00:00	SOL/USDT	A	0.0138588133391079	0.0118588133391079	0.0160242529233434	-0.0336364948751263
2026-06-15T10:45:00+00:00	SOL/USDT	A	0.0392320534223706	0.0372320534223706	0.0585698386199222	-0.003199777406789
2026-06-22T01:15:00+00:00	SOL/USDT	B	-0.0364562391100388	-0.0384562391100388	0.0052271813429836	-0.0434258142340168
2026-06-22T13:30:00+00:00	SOL/USDT	B	-0.0761815504083545	-0.0781815504083545	0.004150488686571	-0.0874280358816441
2026-06-28T08:30:00+00:00	SOL/USDT	B	0.0091564927857934	0.0071564927857934	0.0173418423973363	-0.0324639289678135
2026-06-29T03:00:00+00:00	SOL/USDT	B	0.0238584944467297	0.0218584944467297	0.0488139311668722	-0.0260523789935555
2026-06-29T12:00:00+00:00	SOL/USDT	B	-0.0133838042449641	-0.0153838042449641	0.0340678653508177	-0.0223063404082737
2026-06-29T17:00:00+00:00	SOL/USDT	B	-0.0236481998140029	-0.0256481998140029	0.0162083167264515	-0.0447721535804436
2026-07-01T13:45:00+00:00	SOL/USDT	B	0.0719358232509206	0.0699358232509206	0.0886375591793791	-0.005260389268806
2026-07-03T18:45:00+00:00	SOL/USDT	A	0.0018265952264977	-0.0001734047735022	0.0226497808085728	-0.0092547491475889
2026-07-04T04:30:00+00:00	SOL/USDT	B	-0.0341655716162943	-0.0361655716162943	0.0032254210966433	-0.041930474256361
2026-07-06T21:00:00+00:00	SOL/USDT	A			0.0015672091621459	-0.0300180831826402
2026-05-01T03:15:00+00:00	XRP/USDT	A	0.0054379350348028	0.0034379350348028	0.0150087006960555	-0.0055104408352668
2026-05-04T01:45:00+00:00	XRP/USDT	B	-0.0055516014234875	-0.0075516014234875	0.0113167259786477	-0.0138078291814947
2026-05-06T07:15:00+00:00	XRP/USDT	B	-0.0094319849088242	-0.0114319849088242	0.0181653042688465	-0.0194229022566897
2026-05-08T17:30:00+00:00	XRP/USDT	B	0.0113094814709437	0.0093094814709437	0.0206984849562559	0.0
2026-05-10T15:30:00+00:00	XRP/USDT	B	0.0286229121907268	0.0266229121907268	0.0452560815025295	-0.0040196825836856
2026-05-14T14:30:00+00:00	XRP/USDT	B	-0.0182240120128319	-0.0202240120128319	0.0576752440106478	-0.0256637772165723
2026-05-21T17:15:00+00:00	XRP/USDT	B	-0.015863817457443	-0.017863817457443	0.0041289387902934	-0.0237595074248462
2026-05-26T10:15:00+00:00	XRP/USDT	B	-0.0174740101747401	-0.0194740101747401	0.0068568900685688	-0.025584310255843
2026-06-07T08:45:00+00:00	XRP/USDT	B	-0.0137590861889927	-0.0157590861889928	0.0141052267220491	-0.0321045344409829
2026-06-09T04:30:00+00:00	XRP/USDT	B	-0.0459799640380168	-0.0479799640380168	0.0077061392242487	-0.0463224591146502
2026-06-10T12:30:00+00:00	XRP/USDT	B	-0.0034833869239013	-0.0054833869239013	0.0160771704180064	-0.027867095391211
2026-06-11T17:30:00+00:00	XRP/USDT	B	-0.0016763719781189	-0.0036763719781189	0.0214399152991	-0.006440797600141
2026-06-14T21:15:00+00:00	XRP/USDT	A	0.082303103656955	0.080303103656955	0.1182674850868852	-0.0007780755597822
2026-06-15T10:45:00+00:00	XRP/USDT	A	0.0335139641517299	0.0315139641517299	0.0783659858274281	-0.007919966652772
2026-06-15T16:15:00+00:00	XRP/USDT	B	-0.0587276958882854	-0.0607276958882854	0.0034910783553143	-0.0649340574088439
2026-06-20T22:00:00+00:00	XRP/USDT	A	-0.0166551006245663	-0.0186551006245663	0.0023421235253295	-0.0262838306731436
2026-06-22T01:15:00+00:00	XRP/USDT	B	-0.0139397107510019	-0.0159397107510019	0.0140268339431957	-0.0228262763547656
2026-06-29T03:00:00+00:00	XRP/USDT	B	-0.0023748456350336	-0.0043748456350336	0.022893511921725	-0.0157689750166238
2026-06-29T12:00:00+00:00	XRP/USDT	B	-0.0277281699407839	-0.0297281699407839	0.0121251997368172	-0.0280101513300122
2026-07-01T15:15:00+00:00	XRP/USDT	B	0.0273727777255199	0.0253727777255199	0.0464678769635971	-0.0169316150879503
2026-07-02T13:30:00+00:00	XRP/USDT	B	0.0021594385459779	0.0001594385459779	0.0036890408493792	-0.0292423969767859
2026-07-03T15:00:00+00:00	XRP/USDT	B	0.0455479146199877	0.0435479146199877	0.054210949361436	-0.0050906492810572
2026-07-04T14:00:00+00:00	XRP/USDT	B	-0.026498585027013	-0.028498585027013	0.015607580824972	-0.0354172026412827
