seed	bucket	T_h	dR	lo95	hi95	loADJ	hiADJ	sig95	sigADJ	cap_hiADJ_pct
1	[0,0.05)	1	0.005802707558911486	-0.011244832957670677	0.022432243583290004	-0.020858745465070137	0.03191451234325482	False	False	0.021468879841027626
1	[0,0.05)	4	0.012660192441886172	-0.006891327511954364	0.031096013811596098	-0.018319513297115238	0.04065385897820683	False	False	0.05918046643182278
1	[0,0.05)	12	0.020362455998282077	0.00463776133393116	0.036766119055878795	-0.004635872747849071	0.045439678722281086	True	False	0.13665093056988523
1	[0,0.05)	24	0.015675949480729645	5.019958784601295e-05	0.031745277996619865	-0.01023733800235357	0.041387348738275556	True	False	0.18316525950536117
1	[0.05,0.10)	1	-0.005730536223063829	-0.020904610752264418	0.01070061881193029	-0.029349693140946473	0.020274344429100928	False	False	0.014920614635438036
1	[0.05,0.10)	4	0.005309315758143511	-0.010495201145226618	0.021135047011572736	-0.01964958294142676	0.029690054728966735	False	False	0.05029515736753001
1	[0.05,0.10)	12	-0.0043694821927976	-0.01985337675592479	0.012109773326659795	-0.0288786881783871	0.021428162070518734	False	False	0.06747900995629585
1	[0.05,0.10)	24	0.006827966493236634	-0.008654062624004026	0.02355234400342051	-0.017365176082406616	0.03239371208027687	False	False	0.1555430709582751
1	[0.10,0.25)	1	-0.0016719620093731114	-0.013477673509934026	0.01034255855108379	-0.020060386793296654	0.016977869168679327	False	False	0.015317611573720196
1	[0.10,0.25)	4	0.003177165304116432	-0.007438884651404817	0.014017222961129385	-0.013636412495871166	0.019852028916517613	False	False	0.03880241681367073
1	[0.10,0.25)	12	0.0074703623330754036	-0.0023983500013176062	0.01744160463489557	-0.008188218190363679	0.022766752581588178	False	False	0.0830798042273011
1	[0.10,0.25)	24	0.017119413182191547	0.007370560501121841	0.027231117216029402	0.0017494629339293952	0.03288537252365321	True	True	0.17778517176973602
1	[0.25,0.50)	1	-1.873231049863745e-05	-0.009361328392524368	0.009472548202617958	-0.014433031757324804	0.014937759303264745	False	False	0.014012119026585777
1	[0.25,0.50)	4	0.0004024485017057482	-0.008099609856784247	0.008854465648019219	-0.012794286179223593	0.013293781122375945	False	False	0.02689863384972392
1	[0.25,0.50)	12	0.004618135602346366	-0.005249252543556914	0.01457202873451895	-0.010996570641891584	0.0203552382570609	False	False	0.07674078645313855
1	[0.25,0.50)	24	0.009983655724683026	0.0010512763378102317	0.019079037818614003	-0.004094243294788527	0.02425585155586815	True	False	0.1390744391562348
1	[0.50,0.75)	1	-0.01086734103865345	-0.0203376207056633	-0.001418751825171422	-0.02589897645843862	0.0046156660535718675	True	False	0.0052829372884662835
1	[0.50,0.75)	4	-0.000773168446932345	-0.0093924794248683	0.007664093805141118	-0.014493672545756422	0.012180418600017492	False	False	0.03075134653042001
1	[0.50,0.75)	12	0.00023032725815319953	-0.009515031407851206	0.009736170673276767	-0.014874714583096043	0.015252896330636648	False	False	0.06616342781460559
1	[0.50,0.75)	24	-0.0011786235641599847	-0.010332761198631564	0.007831439489174448	-0.01538039419811284	0.012816651909195176	False	False	0.08420076459877887
1	[0.75,1.0]	1	-0.010363776122026675	-0.02059979944423026	0.00016395584803762382	-0.027297538858192225	0.005770498291102327	False	False	0.009090391879223043
1	[0.75,1.0]	4	-0.0052066856593792656	-0.014241543226788436	0.003745583138933346	-0.0195117934323803	0.00944211231869995	False	False	0.02946176592614715
1	[0.75,1.0]	12	-0.004802623337652543	-0.01518052863318445	0.005664183708945229	-0.020416279970286066	0.011936885293850404	False	False	0.062407078587618306
1	[0.75,1.0]	24	-0.0018146807332620903	-0.011732532419595485	0.008070796543739536	-0.01715702782494894	0.014310391904310006	False	False	0.10250750770549676
2	[0,0.05)	1	0.005802707558911486	-0.011413792706734413	0.022092383166234207	-0.02147851250268526	0.0314090828833927	False	False	0.02156216888546224
2	[0,0.05)	4	0.012660192441886172	-0.007110811428287304	0.031246568863065503	-0.01964452950016207	0.04155903772635405	False	False	0.05857598295063508
2	[0,0.05)	12	0.020362455998282077	0.004169615437612016	0.036948662984047545	-0.004664946156421818	0.04635682228202555	True	False	0.14149700883655641
2	[0,0.05)	24	0.015675949480729645	0.00015953386854852678	0.03146338517792848	-0.00853127230923758	0.04065825378510678	True	False	0.1836940865624203
2	[0.05,0.10)	1	-0.005730536223063829	-0.02095956627382271	0.010690226180134307	-0.02882731375937684	0.019618673530959252	False	False	0.014602313597046031
2	[0.05,0.10)	4	0.005309315758143511	-0.010581479946522377	0.020593210581677325	-0.020166173823087837	0.03005135365223166	False	False	0.050825289287725735
2	[0.05,0.10)	12	-0.0043694821927976	-0.02011275640187187	0.01185869988729148	-0.027905738561706524	0.021968630327832275	False	False	0.06993696754502023
2	[0.05,0.10)	24	0.006827966493236634	-0.008873155008575198	0.023250121400485064	-0.017875428495012273	0.03269302808209167	False	False	0.15716422778484734
2	[0.10,0.25)	1	-0.0016719620093731114	-0.013568044742778186	0.010382163687390105	-0.019928035169408848	0.01725090247814326	False	False	0.015449942923713903
2	[0.10,0.25)	4	0.003177165304116432	-0.007451955815331812	0.013787300478864001	-0.013441140563080578	0.020118366044729687	False	False	0.038587360113902215
2	[0.10,0.25)	12	0.0074703623330754036	-0.002445061205978344	0.0175665908681568	-0.008496258527116695	0.023363233460162246	False	False	0.08386834879664269
2	[0.10,0.25)	24	0.017119413182191547	0.007271638513999556	0.027199422779311394	0.0016479205942346892	0.0331076678685839	True	True	0.17869191446064112
2	[0.25,0.50)	1	-1.873231049863745e-05	-0.00937403565244384	0.009353618324926479	-0.014181774482481804	0.015079423356992538	False	False	0.014426471361025926
2	[0.25,0.50)	4	0.0004024485017057482	-0.00807712763202708	0.008962705829548062	-0.012921474876619194	0.01408998023532904	False	False	0.028374399898951897
2	[0.25,0.50)	12	0.004618135602346366	-0.00534299379208562	0.014567632213844427	-0.01030742633055191	0.019916348815255523	False	False	0.07471917273486364
2	[0.25,0.50)	24	0.009983655724683026	0.0009280774401090835	0.018847435984145244	-0.00414614915157452	0.023962905616534382	True	False	0.13674147381537505
2	[0.50,0.75)	1	-0.01086734103865345	-0.02054356615310142	-0.0013036887075555162	-0.026336619797853247	0.004304015866310027	True	False	0.0050388858604572305
2	[0.50,0.75)	4	-0.000773168446932345	-0.009348612135063647	0.0077358222522673405	-0.01424152331323429	0.012596848618563574	False	False	0.03174508539342312
2	[0.50,0.75)	12	0.00023032725815319953	-0.00929164270971735	0.009724578281356595	-0.01501486678462113	0.015198325140901602	False	False	0.0662609735447501
2	[0.50,0.75)	24	-0.0011786235641599847	-0.01032085063142564	0.007694824811275909	-0.015294230590282643	0.012730596857684703	False	False	0.08164274720593051
2	[0.75,1.0]	1	-0.010363776122026675	-0.020788866800836622	-3.3204381906924965e-05	-0.026195011235690367	0.005683766637845965	True	False	0.00923954089891766
2	[0.75,1.0]	4	-0.0052066856593792656	-0.014293391149952837	0.0038742989158247186	-0.019958751977024392	0.009324797418620927	False	False	0.028929009676302766
2	[0.75,1.0]	12	-0.004802623337652543	-0.015217492197716603	0.005497413111431452	-0.020480234038393545	0.010561773872202572	False	False	0.05533859831601407
2	[0.75,1.0]	24	-0.0018146807332620903	-0.011659677717883322	0.008126302483393043	-0.016935780893424675	0.013732984306943787	False	False	0.09917092567356275
3	[0,0.05)	1	0.005802707558911486	-0.011137581957644365	0.022454161393538653	-0.021271264858790773	0.031507520972102396	False	False	0.021318379882378346
3	[0,0.05)	4	0.012660192441886172	-0.006946085468811635	0.03090654063768772	-0.017984864385424574	0.040252181593490304	False	False	0.05807707184981663
3	[0,0.05)	12	0.020362455998282077	0.004193072759212114	0.036872438223758804	-0.004715833798070074	0.04591353127969349	True	False	0.13983265744699327
3	[0,0.05)	24	0.015675949480729645	5.2403299559205494e-06	0.03169967067787096	-0.008764194801883623	0.04206729028355852	True	False	0.1889123093947179
3	[0.05,0.10)	1	-0.005730536223063829	-0.021057930434997707	0.010651403803074949	-0.02879942756811844	0.021615985973133352	False	False	0.015733153004116932
3	[0.05,0.10)	4	0.005309315758143511	-0.011035842994155054	0.020726765909046773	-0.02062722550722204	0.02918031379991697	False	False	0.049647659106258436
3	[0.05,0.10)	12	-0.0043694821927976	-0.01984642151109262	0.012333663346867568	-0.028101720525054538	0.020966156156857086	False	False	0.06756241862862383
3	[0.05,0.10)	24	0.006827966493236634	-0.009234560267099456	0.023119312577182045	-0.01801636453936823	0.03308525751959019	False	False	0.16073461296103186
3	[0.10,0.25)	1	-0.0016719620093731114	-0.013617779500391395	0.010201182954729921	-0.02095391745100741	0.0173202752785562	False	False	0.015517141480242806
3	[0.10,0.25)	4	0.003177165304116432	-0.007187384665099615	0.013817996781591176	-0.013412902452245728	0.019397870648672325	False	False	0.03800066680867531
3	[0.10,0.25)	12	0.0074703623330754036	-0.00236110878818676	0.017655004605573087	-0.007957288247974165	0.023683079721346433	False	False	0.0849690363754997
3	[0.10,0.25)	24	0.017119413182191547	0.007286473716413235	0.027179903532577158	0.0013515858412447414	0.03286719382729123	True	True	0.17824002201444078
3	[0.25,0.50)	1	-1.873231049863745e-05	-0.00940306768251233	0.009578472854457606	-0.014770840705674495	0.014782616835113931	False	False	0.01403440855162498
3	[0.25,0.50)	4	0.0004024485017057482	-0.008150697529806624	0.008842792734649906	-0.01303565320601516	0.014152144462506781	False	False	0.02871351001162841
3	[0.25,0.50)	12	0.004618135602346366	-0.0053307582730288345	0.014615078262531174	-0.010413999083380645	0.019935118340453726	False	False	0.07520862292889458
3	[0.25,0.50)	24	0.009983655724683026	0.0010440600405782754	0.018857188687775014	-0.004234033501278725	0.02419798195907422	True	False	0.13808645996273994
3	[0.50,0.75)	1	-0.01086734103865345	-0.020334916364952143	-0.0014173510561546585	-0.02584396246286391	0.004517032509700884	True	False	0.0050635819281486
3	[0.50,0.75)	4	-0.000773168446932345	-0.009377698480791098	0.007521102695708046	-0.014367016622480319	0.012540913777334165	False	False	0.03058889399633581
3	[0.50,0.75)	12	0.00023032725815319953	-0.009346031267783717	0.009610753484577145	-0.01468095439857389	0.014546350438995772	False	False	0.06590174112190723
3	[0.50,0.75)	24	-0.0011786235641599847	-0.010232337108947148	0.00785657394513846	-0.01531792067643782	0.013413293577831708	False	False	0.08485314828487177
3	[0.75,1.0]	1	-0.010363776122026675	-0.020623623695723084	0.0001395365658474098	-0.026113908415281432	0.005862943608428827	False	False	0.009387385220747974
3	[0.75,1.0]	4	-0.0052066856593792656	-0.01431330102420331	0.003974747141490831	-0.019449309448002227	0.009080759968523889	False	False	0.02806926483720748
3	[0.75,1.0]	12	-0.004802623337652543	-0.015270158160790411	0.005438959735463423	-0.02053728950194069	0.011791569620257895	False	False	0.060572991643226874
3	[0.75,1.0]	24	-0.0018146807332620903	-0.011838694250620873	0.007986139471783607	-0.01726770937275832	0.013829228126216857	False	False	0.09973261033331043
4	[0,0.05)	1	0.005802707558911486	-0.01136476669965477	0.021970412257532223	-0.020567124633776496	0.030280359839431364	False	False	0.020539327228752742
4	[0,0.05)	4	0.012660192441886172	-0.006625574041042453	0.031023365217324805	-0.017770228498843767	0.040883396454091725	False	False	0.05810822464592625
4	[0,0.05)	12	0.020362455998282077	0.004245617932710032	0.03664969217747487	-0.0057695593104569115	0.045111353781552295	True	False	0.13831525991685445
4	[0,0.05)	24	0.015675949480729645	0.0002140229341504347	0.03150497683179969	-0.008462149656468083	0.04073335855075093	True	False	0.18363693776742004
4	[0.05,0.10)	1	-0.005730536223063829	-0.02100043502471808	0.01072930121854018	-0.029397434670656718	0.01976665133088892	False	False	0.014690313732904832
4	[0.05,0.10)	4	0.005309315758143511	-0.010423470952160384	0.020875690832144005	-0.0199623471984417	0.02937226561216094	False	False	0.050622191056474114
4	[0.05,0.10)	12	-0.0043694821927976	-0.01993093611421745	0.012182771633648856	-0.028388304580233694	0.02216025187811186	False	False	0.06988155133949553
4	[0.05,0.10)	24	0.006827966493236634	-0.009322567065092597	0.022971024779891894	-0.01848560019270457	0.03289219283591356	False	False	0.1596864400632203
4	[0.10,0.25)	1	-0.0016719620093731114	-0.013366790166314377	0.01036352014719652	-0.02046074421612875	0.01733494680580022	False	False	0.01547708812865783
4	[0.10,0.25)	4	0.003177165304116432	-0.00757135932306504	0.013883124962978138	-0.013499779449856562	0.019633381555017603	False	False	0.038385485371008124
4	[0.10,0.25)	12	0.0074703623330754036	-0.0025117357949290165	0.017504065881680724	-0.0077236467639452905	0.022758819457426197	False	False	0.08261346244980634
4	[0.10,0.25)	24	0.017119413182191547	0.007222801058882474	0.02710389247948848	0.001321344837270888	0.033025306694027666	True	True	0.17811557624234947
4	[0.25,0.50)	1	-1.873231049863745e-05	-0.009309619788539156	0.009453165447683496	-0.014745593697912004	0.015200872692845436	False	False	0.014432333520773095
4	[0.25,0.50)	4	0.0004024485017057482	-0.008032783515124643	0.008759047883702669	-0.012769901107155049	0.01361937428266107	False	False	0.02770604125877465
4	[0.25,0.50)	12	0.004618135602346366	-0.005204544829441572	0.014424946903241156	-0.010659088516101756	0.019839098664819404	False	False	0.07534487058031084
4	[0.25,0.50)	24	0.009983655724683026	0.000990369413078545	0.01903620737472752	-0.004065536899397551	0.024103269314368004	True	False	0.13701912512505407
4	[0.50,0.75)	1	-0.01086734103865345	-0.020473288514006437	-0.0013555774726494935	-0.026252247168576104	0.00488370099966249	True	False	0.005361139365284424
4	[0.50,0.75)	4	-0.000773168446932345	-0.009336385097930038	0.007629648555268159	-0.014758637086279192	0.01211207407790829	False	False	0.02971580098488189
4	[0.50,0.75)	12	0.00023032725815319953	-0.009400828289783851	0.009729472468808698	-0.0150377215649556	0.014927135572222468	False	False	0.06684683624491107
4	[0.50,0.75)	24	-0.0011786235641599847	-0.010438949486288351	0.007867864327518166	-0.015181741063808414	0.01282896208455773	False	False	0.08248252714858971
4	[0.75,1.0]	1	-0.010363776122026675	-0.020660976680624103	2.3052813174162384e-05	-0.02594928144878617	0.005637367322763439	False	False	0.00876912251876616
4	[0.75,1.0]	4	-0.0052066856593792656	-0.01431920861246595	0.003917417627555035	-0.018868894528993617	0.009182342449974741	False	False	0.029128806105490707
4	[0.75,1.0]	12	-0.004802623337652543	-0.015094932550667463	0.005568236059933201	-0.021055974632508512	0.011596687765395498	False	False	0.060817782527225785
4	[0.75,1.0]	24	-0.0018146807332620903	-0.011582194566423306	0.008039111315460075	-0.017698176680818384	0.013245375340569429	False	False	0.09581052558281844
5	[0,0.05)	1	0.005802707558911486	-0.01136158394171307	0.02222568104366886	-0.0213534823941462	0.030998322770033535	False	False	0.021404404036599746
5	[0,0.05)	4	0.012660192441886172	-0.006721117914066027	0.030931108544697418	-0.01798611004522942	0.040790617637657824	False	False	0.058089211589432234
5	[0,0.05)	12	0.020362455998282077	0.004326017191139555	0.03694089361412319	-0.003900268761157245	0.04633755864228386	True	False	0.1424571626322284
5	[0,0.05)	24	0.015675949480729645	0.00024627974629805934	0.031793865910699486	-0.0082948137096899	0.04072058512535148	True	False	0.18086249130910823
5	[0.05,0.10)	1	-0.005730536223063829	-0.021184220262491452	0.010358907924503507	-0.029796725882607407	0.020938865669958756	False	False	0.016166244600190206
5	[0.05,0.10)	4	0.005309315758143511	-0.010618785530611649	0.02075885414932044	-0.020536042151705958	0.030045384071522414	False	False	0.05117481258910737
5	[0.05,0.10)	12	-0.0043694821927976	-0.019679615001691474	0.012186845337950636	-0.027684047340564948	0.021952367430893707	False	False	0.06823910980612251
5	[0.05,0.10)	24	0.006827966493236634	-0.009331552848375094	0.023114600559863783	-0.01745576602020488	0.03273297446670994	False	False	0.15757959527607374
5	[0.10,0.25)	1	-0.0016719620093731114	-0.01349525601310101	0.010279528528395145	-0.019513456052691756	0.017463671120506792	False	False	0.015809185716635355
5	[0.10,0.25)	4	0.003177165304116432	-0.007465740831089387	0.013800520279526374	-0.013213630542192644	0.019977420645391483	False	False	0.03903360405454397
5	[0.10,0.25)	12	0.0074703623330754036	-0.002374929954673941	0.017701879192609297	-0.007913840428952153	0.023370197825747847	False	False	0.08514399190878685
5	[0.10,0.25)	24	0.017119413182191547	0.007389668420850749	0.027200139855173482	0.0014836351641753318	0.033561442033085545	True	True	0.18025567977064938
5	[0.25,0.50)	1	-1.873231049863745e-05	-0.00936029087798351	0.009381248096278112	-0.013877939728185927	0.014484200430445501	False	False	0.013967367657064376
5	[0.25,0.50)	4	0.0004024485017057482	-0.008127846760579122	0.008759996394289999	-0.012585429566905053	0.013792988041124034	False	False	0.027999554965928316
5	[0.25,0.50)	12	0.004618135602346366	-0.005299778477707085	0.01458402653026562	-0.01039805798663121	0.019742966757180586	False	False	0.07513176791503155
5	[0.25,0.50)	24	0.009983655724683026	0.0009839485763254135	0.018898431016229143	-0.004406155936806009	0.024359870004906175	True	False	0.13825672903890004
5	[0.50,0.75)	1	-0.01086734103865345	-0.020674195627113853	-0.0013789701316971612	-0.026142582039546915	0.004341211982869233	True	False	0.004840334050535101
5	[0.50,0.75)	4	-0.000773168446932345	-0.009328046970830454	0.007698502728965945	-0.01449959259866686	0.012721071850595886	False	False	0.031186751976845627
5	[0.50,0.75)	12	0.00023032725815319953	-0.009248171091569099	0.009756323520836736	-0.015076458791328467	0.0159153838761214	False	False	0.070585699775528
5	[0.50,0.75)	24	-0.0011786235641599847	-0.01028346583970708	0.007905420792398931	-0.015515872424797749	0.012913694097663466	False	False	0.08283911271057305
5	[0.75,1.0]	1	-0.010363776122026675	-0.020622267314590253	0.0001519193937613611	-0.026654036436456675	0.005745127627910042	False	False	0.00906791094962124
5	[0.75,1.0]	4	-0.0052066856593792656	-0.014209145249429468	0.00392046209041778	-0.020015191202182835	0.00908637604864567	False	False	0.028039165331147257
5	[0.75,1.0]	12	-0.004802623337652543	-0.015076620898975143	0.005609648382272832	-0.02074170456958276	0.010861505069204396	False	False	0.056319360277638036
5	[0.75,1.0]	24	-0.0018146807332620903	-0.011625467756684094	0.008140308755064806	-0.016803372061554148	0.01408163924272895	False	False	0.10098481190376031
6	[0,0.05)	1	0.005802707558911486	-0.011247057023830321	0.022217880779338638	-0.02072971608310318	0.03164400110163705	False	False	0.021356002348986092
6	[0,0.05)	4	0.012660192441886172	-0.006825830331590579	0.030993063878713867	-0.01865265934934059	0.040464089529176336	False	False	0.05893613699503438
6	[0,0.05)	12	0.020362455998282077	0.00427404182972907	0.03717979810655171	-0.004448552788443107	0.0472845291105217	True	False	0.14253549758964487
6	[0,0.05)	24	0.015675949480729645	8.780045207288436e-05	0.03138878445055812	-0.009245924744489282	0.04077781972120366	True	False	0.18342950871243535
6	[0.05,0.10)	1	-0.005730536223063829	-0.020992054640419314	0.010342830957611203	-0.029108552828429342	0.02003104702991335	False	False	0.014324561268099181
6	[0.05,0.10)	4	0.005309315758143511	-0.010964301714620582	0.02080223232414861	-0.02010598668918625	0.02973365604135834	False	False	0.05016663362803066
6	[0.05,0.10)	12	-0.0043694821927976	-0.020034753461839007	0.012033397707813578	-0.02844346582368705	0.02234846445236043	False	False	0.06898654402073673
6	[0.05,0.10)	24	0.006827966493236634	-0.009025832664006325	0.02326454915330701	-0.01782644710540611	0.03142414683339771	False	False	0.15439120682630464
6	[0.10,0.25)	1	-0.0016719620093731114	-0.01335152729233407	0.010486825881319195	-0.01970379477732544	0.01728403479383025	False	False	0.016088352277966414
6	[0.10,0.25)	4	0.003177165304116432	-0.007294495357071371	0.013899786326847406	-0.013265228755601238	0.019845020366186576	False	False	0.039047076303057905
6	[0.10,0.25)	12	0.0074703623330754036	-0.0022677304950732696	0.017594443690469266	-0.008252751421751655	0.02365445629356207	False	False	0.08499979757284322
6	[0.10,0.25)	24	0.017119413182191547	0.007544665408953976	0.027151379095264827	0.002225884256945703	0.032972658568932445	True	True	0.17742618498220314
6	[0.25,0.50)	1	-1.873231049863745e-05	-0.00947276269879447	0.009354667621407204	-0.014496832743120674	0.014707640452213282	False	False	0.014052984504752558
6	[0.25,0.50)	4	0.0004024485017057482	-0.007993172088927664	0.008913015289370453	-0.013344308015132445	0.013357286592898815	False	False	0.02720036222811949
6	[0.25,0.50)	12	0.004618135602346366	-0.005216870126429119	0.014622035337345279	-0.010846323358127864	0.02000709057589735	False	False	0.07542402490130999
6	[0.25,0.50)	24	0.009983655724683026	0.0010914084711213454	0.019052032241090054	-0.0035845332510558944	0.02422698221778587	True	False	0.13920654596774018
6	[0.50,0.75)	1	-0.01086734103865345	-0.020483727016667355	-0.001323925677187581	-0.02563756173056366	0.003761825851509283	True	False	0.004258137315242451
6	[0.50,0.75)	4	-0.000773168446932345	-0.009277555007442897	0.007691982279423014	-0.01444900961225097	0.011926365570963451	False	False	0.02912883605776952
6	[0.50,0.75)	12	0.00023032725815319953	-0.009448883920905086	0.009701152013546347	-0.014962214834116661	0.0155493380725521	False	False	0.06877393426057632
6	[0.50,0.75)	24	-0.0011786235641599847	-0.01030992290933745	0.007884531444026182	-0.015309556413106828	0.012802060363458597	False	False	0.08094481795390115
6	[0.75,1.0]	1	-0.010363776122026675	-0.02050034120529793	-2.6337077937789986e-05	-0.026430361105742716	0.006294037281111745	True	False	0.009923860777952728
6	[0.75,1.0]	4	-0.0052066856593792656	-0.014243553212120343	0.004012105465142181	-0.019223955606210222	0.009157383431438473	False	False	0.027765191126200427
6	[0.75,1.0]	12	-0.004802623337652543	-0.015287580951124488	0.005398049303297172	-0.021084853103622472	0.01086049108549744	False	False	0.05676482875293952
6	[0.75,1.0]	24	-0.0018146807332620903	-0.011649959584665302	0.008048638255145362	-0.017791005712641115	0.013866147960774351	False	False	0.09986968972182385
7	[0,0.05)	1	0.005802707558911486	-0.011162832705977318	0.022137735865084038	-0.021361220339443432	0.031081760277935105	False	False	0.021385690352510613
7	[0,0.05)	4	0.012660192441886172	-0.0068312766101728435	0.031199199927703022	-0.018291760555972328	0.03971844303150745	False	False	0.0571579701777164
7	[0,0.05)	12	0.020362455998282077	0.004458231591780476	0.03684058913854355	-0.00408004873122214	0.04585364339653879	True	False	0.13989737372717548
7	[0,0.05)	24	0.015675949480729645	3.1994078485387066e-05	0.03123630566598165	-0.007993254933946332	0.04106324770868539	True	False	0.18778514647114364
7	[0.05,0.10)	1	-0.005730536223063829	-0.021025804451927373	0.01071784763445289	-0.029455713251747197	0.020083715140827962	False	False	0.01452827676957886
7	[0.05,0.10)	4	0.005309315758143511	-0.010660336702557338	0.021032350312757152	-0.020158684942917827	0.030196520307264517	False	False	0.05173177689122283
7	[0.05,0.10)	12	-0.0043694821927976	-0.019877500113587125	0.011987073703354762	-0.028442592481781263	0.02121491767022251	False	False	0.06750582003669071
7	[0.05,0.10)	24	0.006827966493236634	-0.009037515883160686	0.023367302781868604	-0.017242132495016296	0.032813363774821046	False	False	0.15925903190377586
7	[0.10,0.25)	1	-0.0016719620093731114	-0.013349837614276897	0.010242357241819796	-0.019760251058919258	0.017117448941025428	False	False	0.015364765992889629
7	[0.10,0.25)	4	0.003177165304116432	-0.007596270060500145	0.013805648648252034	-0.014451632289943879	0.019797269093890596	False	False	0.039447210689376254
7	[0.10,0.25)	12	0.0074703623330754036	-0.002447709077820937	0.017364141730670236	-0.009121840467857708	0.022752843041342508	False	False	0.0829815071464738
7	[0.10,0.25)	24	0.017119413182191547	0.007367067687819145	0.027186943246714022	0.0016110779361862518	0.033286488932778094	True	True	0.17902765042032207
7	[0.25,0.50)	1	-1.873231049863745e-05	-0.009369873511776676	0.00960127943465596	-0.014242697413676278	0.014920713587606256	False	False	0.014271581955008725
7	[0.25,0.50)	4	0.0004024485017057482	-0.008191137305792556	0.008808902908153556	-0.012689015407174662	0.013256472264527872	False	False	0.027328657917159865
7	[0.25,0.50)	12	0.004618135602346366	-0.0052200191691175145	0.014454440660419239	-0.010874615639687437	0.02033641390510165	False	False	0.07692948399295711
7	[0.25,0.50)	24	0.009983655724683026	0.0009790106000218725	0.01901999627557809	-0.004217223327718352	0.023917735482767516	True	False	0.13637221426804794
7	[0.50,0.75)	1	-0.01086734103865345	-0.020447756342965417	-0.0014274681818012918	-0.025865711822663465	0.004221836776803452	True	False	0.004522860173020253
7	[0.50,0.75)	4	-0.000773168446932345	-0.009373052419383333	0.007509823057759319	-0.014169825341472512	0.01183753513935902	False	False	0.029947016795350216
7	[0.50,0.75)	12	0.00023032725815319953	-0.009324288883565207	0.009583971144304258	-0.015222929773338665	0.015072862163997234	False	False	0.06765639270389132
7	[0.50,0.75)	24	-0.0011786235641599847	-0.010258002318743544	0.007729339319412869	-0.015308199685233403	0.013252145945566632	False	False	0.08686838835588931
7	[0.75,1.0]	1	-0.010363776122026675	-0.020593069531543284	2.6276006121295904e-05	-0.026270903781091298	0.005809516834082995	False	False	0.009382408049324178
7	[0.75,1.0]	4	-0.0052066856593792656	-0.014317631282352703	0.0037807025362271637	-0.019149654227573566	0.009104537585122226	False	False	0.02841154059358854
7	[0.75,1.0]	12	-0.004802623337652543	-0.015094313805309432	0.005573992320512549	-0.02031673909689307	0.011512039012063607	False	False	0.06042045546644203
7	[0.75,1.0]	24	-0.0018146807332620903	-0.011911920817632742	0.008170091383228294	-0.0179544114004762	0.013797730085496649	False	False	0.09848796412933578
8	[0,0.05)	1	0.005802707558911486	-0.011529961818360565	0.022005691708125493	-0.021759665123528758	0.03153449493210537	False	False	0.022028436776359305
8	[0,0.05)	4	0.012660192441886172	-0.0067712500337488634	0.031021029431958527	-0.018929766956611162	0.04193634064542068	False	False	0.060569052227319196
8	[0,0.05)	12	0.020362455998282077	0.004545919737561599	0.036781237716422985	-0.005158968319082937	0.04569461639689693	True	False	0.13826283890977648
8	[0,0.05)	24	0.015675949480729645	0.0002449493889928386	0.03165123181313386	-0.008101031156266258	0.04035338230981604	True	False	0.18138368337183006
8	[0.05,0.10)	1	-0.005730536223063829	-0.020915176337779205	0.010520755285243563	-0.028553084221408745	0.020159443395728845	False	False	0.015075245248871372
8	[0.05,0.10)	4	0.005309315758143511	-0.01037208205312772	0.020456516182837045	-0.01972598109212946	0.029375420925743308	False	False	0.05026055921675793
8	[0.05,0.10)	12	-0.0043694821927976	-0.020228792549589668	0.011936944552028352	-0.028051301051800207	0.02109717878107192	False	False	0.06657582263856286
8	[0.05,0.10)	24	0.006827966493236634	-0.008969943644594133	0.023409820611088965	-0.018133293416008885	0.032473462457192445	False	False	0.1545627487756307
8	[0.10,0.25)	1	-0.0016719620093731114	-0.013520198948306172	0.010544348881090593	-0.01946512718960596	0.0172263870704818	False	False	0.015745567595280518
8	[0.10,0.25)	4	0.003177165304116432	-0.00775531057986723	0.013873342331378477	-0.013459271914427107	0.020202483737707517	False	False	0.03963643463727938
8	[0.10,0.25)	12	0.0074703623330754036	-0.00258550534153892	0.017417759196323903	-0.008798213790412053	0.023104935207312147	False	False	0.08458637983485685
8	[0.10,0.25)	24	0.017119413182191547	0.0072929506482813326	0.027174818092216675	0.0017045011126659228	0.032932692314445296	True	True	0.1787198484921662
8	[0.25,0.50)	1	-1.873231049863745e-05	-0.009331080525267321	0.009540630432660022	-0.014550714873019923	0.01492713482772048	False	False	0.014221016116471854
8	[0.25,0.50)	4	0.0004024485017057482	-0.00802861027891317	0.008832196549060707	-0.012505336680416082	0.01375474103942421	False	False	0.027639522859180907
8	[0.25,0.50)	12	0.004618135602346366	-0.005227799213973601	0.01467165051339882	-0.010787401678103051	0.020066217064496853	False	False	0.07533594279838406
8	[0.25,0.50)	24	0.009983655724683026	0.0011044847727777762	0.019152462938633718	-0.004092135761329467	0.024078173008868924	True	False	0.13724677052880696
8	[0.50,0.75)	1	-0.01086734103865345	-0.020439112076186625	-0.001414864736076895	-0.02571640594476195	0.003715839251582423	True	False	0.004156895931396413
8	[0.50,0.75)	4	-0.000773168446932345	-0.009233568262721958	0.007746895861903241	-0.014325971865383449	0.012715279420818546	False	False	0.03156953265256331
8	[0.50,0.75)	12	0.00023032725815319953	-0.009571985351595825	0.009738325695514985	-0.014789049176121042	0.015093101191187966	False	False	0.06616545142749344
8	[0.50,0.75)	24	-0.0011786235641599847	-0.010200054695276725	0.007898347207584328	-0.01519652022041043	0.01285871541881178	False	False	0.08183266773591036
8	[0.75,1.0]	1	-0.010363776122026675	-0.02057975891453051	6.547442134855857e-05	-0.026279494182940188	0.006195919467364929	False	False	0.010063898376900214
8	[0.75,1.0]	4	-0.0052066856593792656	-0.014309356731266026	0.003814315201290741	-0.019287169540951294	0.008398620173923255	False	False	0.02617338980287526
8	[0.75,1.0]	12	-0.004802623337652543	-0.015304047730712884	0.005465763177912817	-0.020807993093170853	0.011425556442959974	False	False	0.05934226652902667
8	[0.75,1.0]	24	-0.0018146807332620903	-0.011731959116338021	0.008130499415936843	-0.0175487990028168	0.013959985815793689	False	False	0.10050310409989018
9	[0,0.05)	1	0.005802707558911486	-0.011395972313641622	0.02200757463997107	-0.021596318851037584	0.030969074101773728	False	False	0.021088702162375534
9	[0,0.05)	4	0.012660192441886172	-0.006724515119112478	0.031017787215286533	-0.01830520679415336	0.040726182675172036	False	False	0.058940783664761104
9	[0,0.05)	12	0.020362455998282077	0.0045493666909548576	0.03703588569132025	-0.004589100780692735	0.0465772307794447	True	False	0.14119237196120937
9	[0,0.05)	24	0.015675949480729645	0.0002646442547891315	0.031389398889182865	-0.008349091458548789	0.041011247286338925	True	False	0.18708106150684567
9	[0.05,0.10)	1	-0.005730536223063829	-0.02116251280943068	0.010822138656202204	-0.02928083989824837	0.02038656491693615	False	False	0.014784796690919375
9	[0.05,0.10)	4	0.005309315758143511	-0.010371723402065366	0.020907854885625157	-0.02072334298141826	0.029229268940508073	False	False	0.050392729162232426
9	[0.05,0.10)	12	-0.0043694821927976	-0.020059025742656132	0.012090998610991955	-0.028732344107541764	0.022030195016109737	False	False	0.06832619719950991
9	[0.05,0.10)	24	0.006827966493236634	-0.0090312046855665	0.02348439705627586	-0.018453744042819943	0.03275425897552801	False	False	0.1563209846665387
9	[0.10,0.25)	1	-0.0016719620093731114	-0.013365592834907675	0.010335810328041376	-0.019619364626665192	0.01725332313368193	False	False	0.015778374129853324
9	[0.10,0.25)	4	0.003177165304116432	-0.007426645487675337	0.013979784999432294	-0.013664424308091231	0.02016427685878103	False	False	0.03956479840501182
9	[0.10,0.25)	12	0.0074703623330754036	-0.00240638000492817	0.01761827421086946	-0.007843014349440586	0.023115924740394405	False	False	0.083547499834499
9	[0.10,0.25)	24	0.017119413182191547	0.0073008086416686616	0.027297557360774702	0.002077729242834112	0.0336236172852535	True	True	0.18088530763375524
9	[0.25,0.50)	1	-1.873231049863745e-05	-0.009438426748081026	0.009389467093298262	-0.01519604154540663	0.014740801603359374	False	False	0.014337934971185644
9	[0.25,0.50)	4	0.0004024485017057482	-0.008053333542541173	0.008756955753537354	-0.012833705611415988	0.013320009450504964	False	False	0.027396778436298355
9	[0.25,0.50)	12	0.004618135602346366	-0.0056011113506257825	0.014739154623830637	-0.010293462863000532	0.020432248967555255	False	False	0.07712267397173736
9	[0.25,0.50)	24	0.009983655724683026	0.0010883900363059856	0.01888175968501473	-0.003786705352041315	0.02410960769338873	True	False	0.13777623291878566
9	[0.50,0.75)	1	-0.01086734103865345	-0.020487415505542218	-0.0014907737403556402	-0.026204821414869853	0.003449740663103689	True	False	0.0038459661108430723
9	[0.50,0.75)	4	-0.000773168446932345	-0.00929274141427874	0.007684604703506698	-0.014323745177544738	0.012155114661675308	False	False	0.029863622087349488
9	[0.50,0.75)	12	0.00023032725815319953	-0.009432706706178273	0.009692446430529326	-0.014632249741582752	0.015410979153718774	False	False	0.06879965483626903
9	[0.50,0.75)	24	-0.0011786235641599847	-0.010102830242307365	0.007737154423495511	-0.01527271784065086	0.012933081174751664	False	False	0.08352559945409667
9	[0.75,1.0]	1	-0.010363776122026675	-0.020728560712433005	-2.9332954444405278e-05	-0.0267804193739545	0.0060259721733861476	True	False	0.009851725609013654
9	[0.75,1.0]	4	-0.0052066856593792656	-0.014197702320133442	0.003943347223566642	-0.019596348600070337	0.009260761476046637	False	False	0.02794220442269793
9	[0.75,1.0]	12	-0.004802623337652543	-0.015046275206531177	0.005626662410611472	-0.021433848957624256	0.011058496672806676	False	False	0.05659015228126385
9	[0.75,1.0]	24	-0.0018146807332620903	-0.011820720072864116	0.008197584983474948	-0.017074759884701432	0.013704152734697512	False	False	0.09889932244320601
10	[0,0.05)	1	0.005802707558911486	-0.011195990913202346	0.022377475892222436	-0.021411592189324098	0.0311797083468952	False	False	0.021361008487054897
10	[0,0.05)	4	0.012660192441886172	-0.006687562223928776	0.03133843407819644	-0.018170719852751496	0.04178208752849998	False	False	0.060048326779305106
10	[0,0.05)	12	0.020362455998282077	0.0042202301594465854	0.03680093365185565	-0.004837444844442129	0.04682080766482766	True	False	0.13957922603775982
10	[0,0.05)	24	0.015675949480729645	0.0002886819079076191	0.031486081903829066	-0.008245412333614335	0.04062116075690056	True	False	0.18354230701105684
10	[0.05,0.10)	1	-0.005730536223063829	-0.020958927824024785	0.010495370319137236	-0.029517385536648233	0.021000564817001126	False	False	0.015633938924155
10	[0.05,0.10)	4	0.005309315758143511	-0.01057072059062088	0.020895815948196946	-0.020603362768843482	0.02939244455390883	False	False	0.04992184311682412
10	[0.05,0.10)	12	-0.0043694821927976	-0.02030554342666735	0.012238294140657247	-0.029033525109326844	0.02150173725069247	False	False	0.06713278958379679
10	[0.05,0.10)	24	0.006827966493236634	-0.009036453730914487	0.023142466131309183	-0.018447415685353567	0.03253009200591427	False	False	0.15602730852519878
10	[0.10,0.25)	1	-0.0016719620093731114	-0.013342431331419683	0.010461212194121243	-0.02002886004569896	0.017618422543875613	False	False	0.01595833736252541
10	[0.10,0.25)	4	0.003177165304116432	-0.007687368137449532	0.013844109732649917	-0.013432108614264766	0.020149297955554507	False	False	0.03880559364253264
10	[0.10,0.25)	12	0.0074703623330754036	-0.0023473762947332803	0.01754710096666479	-0.008133450303272689	0.023172720150856953	False	False	0.08433126409415773
10	[0.10,0.25)	24	0.017119413182191547	0.007124670698786313	0.027237715908397377	0.0014111200027983445	0.03279454667676997	True	True	0.17753527598244018
10	[0.25,0.50)	1	-1.873231049863745e-05	-0.009284545272994375	0.009358539742688929	-0.014089485237385081	0.014392160622628936	False	False	0.013874874245433782
10	[0.25,0.50)	4	0.0004024485017057482	-0.008204517539693569	0.009055492623916065	-0.012954079408130018	0.013339104866304968	False	False	0.0273818211177034
10	[0.25,0.50)	12	0.004618135602346366	-0.005348219951703132	0.01459360944079693	-0.010324133805490777	0.020588088525857022	False	False	0.07561841328230365
10	[0.25,0.50)	24	0.009983655724683026	0.0010982233105631771	0.0189638181175181	-0.004064834392497403	0.02366496801975575	True	False	0.13562153474295555
10	[0.50,0.75)	1	-0.01086734103865345	-0.020506322303964614	-0.001329462112229787	-0.026428748787321397	0.004666534450323116	True	False	0.005128258476619076
10	[0.50,0.75)	4	-0.000773168446932345	-0.009387670191320297	0.007572930470702247	-0.014331077470175601	0.012134172155576705	False	False	0.030175564365454655
10	[0.50,0.75)	12	0.00023032725815319953	-0.00930796244479463	0.0098754935635455	-0.01474090503888442	0.01584116403828229	False	False	0.06991030791866912
10	[0.50,0.75)	24	-0.0011786235641599847	-0.010132671363278566	0.007852626870342012	-0.015133012528650689	0.01290556013534907	False	False	0.08256782134096745
10	[0.75,1.0]	1	-0.010363776122026675	-0.02062910286947837	0.00019074049272490385	-0.026089724316509917	0.005580383377151637	False	False	0.009068881104358615
10	[0.75,1.0]	4	-0.0052066856593792656	-0.014141164385104866	0.003922134078584023	-0.019971335330187176	0.009281493760837208	False	False	0.02870842030251583
10	[0.75,1.0]	12	-0.004802623337652543	-0.015058911115908189	0.005552914111852188	-0.020756704282198616	0.01152889516649155	False	False	0.059448017857862294
10	[0.75,1.0]	24	-0.0018146807332620903	-0.011681249149456091	0.008108799411649582	-0.017208040051111803	0.014155101665536674	False	False	0.10249982655380528
11	[0,0.05)	1	0.005802707558911486	-0.011047853760395923	0.02234724031819516	-0.020539996853759387	0.03248355350817746	False	False	0.021947084923007946
11	[0,0.05)	4	0.012660192441886172	-0.006930181450106798	0.031361367194452615	-0.018760825211006894	0.040346472248890895	False	False	0.057600196679682705
11	[0,0.05)	12	0.020362455998282077	0.004083289864287705	0.03681651609075469	-0.004512198711670745	0.04649831821486103	True	False	0.13854933790345744
11	[0,0.05)	24	0.015675949480729645	0.0003888339177449797	0.0313198452342424	-0.008771757981705281	0.04089714390107929	True	False	0.1820976911797437
11	[0.05,0.10)	1	-0.005730536223063829	-0.020995501932421504	0.010866603308698366	-0.028858851107442903	0.02015260684470884	False	False	0.014800877174045891
11	[0.05,0.10)	4	0.005309315758143511	-0.01090124575120582	0.020632448234817337	-0.020948756200319496	0.02973924290948563	False	False	0.05050978086513804
11	[0.05,0.10)	12	-0.0043694821927976	-0.019800818671584508	0.012150432232923626	-0.028330569931333375	0.02165807756121167	False	False	0.06807311239645569
11	[0.05,0.10)	24	0.006827966493236634	-0.008953917700624306	0.023305504905807364	-0.017872921974519892	0.03264217789065546	False	False	0.15465711903715934
11	[0.10,0.25)	1	-0.0016719620093731114	-0.013531120689775931	0.010261811162941	-0.020459047932473946	0.017422956569059095	False	False	0.01559887948092393
11	[0.10,0.25)	4	0.003177165304116432	-0.007448752136593568	0.01381214548420906	-0.013533531739565655	0.020414604517882934	False	False	0.03998143617273118
11	[0.10,0.25)	12	0.0074703623330754036	-0.002606270432810988	0.017580443783065794	-0.008101100190756721	0.02311302855168484	False	False	0.08414716545452003
11	[0.10,0.25)	24	0.017119413182191547	0.007333454566947211	0.027358876545245107	0.0017791181816809343	0.03320116089825984	True	True	0.1783658414015578
11	[0.25,0.50)	1	-1.873231049863745e-05	-0.009267697327187732	0.009393371133847514	-0.01479368763986053	0.014610896517198624	False	False	0.013807654005280503
11	[0.25,0.50)	4	0.0004024485017057482	-0.008120813501290762	0.008806704765832936	-0.012831530752440926	0.013971824530989545	False	False	0.02943142279736847
11	[0.25,0.50)	12	0.004618135602346366	-0.005142320795854821	0.01461411716806346	-0.010537790461390317	0.020179491516476005	False	False	0.07680630687749831
11	[0.25,0.50)	24	0.009983655724683026	0.0008646091692796141	0.01902856183367359	-0.004328109354192703	0.024059876696518934	True	False	0.13637025134203065
11	[0.50,0.75)	1	-0.01086734103865345	-0.020292951395376346	-0.0013791625373899864	-0.025929184441315273	0.00410127285351502	True	False	0.004725109375082773
11	[0.50,0.75)	4	-0.000773168446932345	-0.009400540016850307	0.007744673053536207	-0.014478342340897324	0.012001414564219692	False	False	0.029724918786521604
11	[0.50,0.75)	12	0.00023032725815319953	-0.009106077401509637	0.009629121766190886	-0.014715207520754916	0.014367871591623107	False	False	0.06295844555353862
11	[0.50,0.75)	24	-0.0011786235641599847	-0.010386224760560978	0.007818311972673816	-0.015934169314404344	0.012807881967412619	False	False	0.08238754171837323
11	[0.75,1.0]	1	-0.010363776122026675	-0.02069586374208756	0.00021870762132578718	-0.02666109979495985	0.0060380385867843216	False	False	0.009546805860163052
11	[0.75,1.0]	4	-0.0052066856593792656	-0.014156151235819373	0.003951113351348828	-0.019181506775774772	0.009972621276409441	False	False	0.03119486321811098
11	[0.75,1.0]	12	-0.004802623337652543	-0.015032278290455591	0.0054966913770409485	-0.020762996269455377	0.011239635606347416	False	False	0.05782120807759004
11	[0.75,1.0]	24	-0.0018146807332620903	-0.011748778519356802	0.00820207186695766	-0.01699993921689571	0.013892585436145586	False	False	0.10194074346415298
12	[0,0.05)	1	0.005802707558911486	-0.011126322475835271	0.022338404798897114	-0.021432577061512383	0.03146362053749266	False	False	0.021275151687212154
12	[0,0.05)	4	0.012660192441886172	-0.006817698424802331	0.03078803025513327	-0.017747102711931046	0.04016661750077293	False	False	0.05781219228339806
12	[0,0.05)	12	0.020362455998282077	0.004429491608837916	0.03657888483596055	-0.00452618375664729	0.045525479663908165	True	False	0.13755004226165482
12	[0,0.05)	24	0.015675949480729645	0.00015779420600340834	0.03145537430938566	-0.008971719220260427	0.04030607945291451	True	False	0.179694638985145
12	[0.05,0.10)	1	-0.005730536223063829	-0.021000438775127358	0.010590813213539482	-0.029954830039366026	0.02160561896332685	False	False	0.015602393364482088
12	[0.05,0.10)	4	0.005309315758143511	-0.010753798587309245	0.020919361780849365	-0.02042833050638235	0.029739267701036017	False	False	0.05131082406905844
12	[0.05,0.10)	12	-0.0043694821927976	-0.019860611913220257	0.011791594072675469	-0.028789342457132643	0.02105778739370193	False	False	0.06488572199293524
12	[0.05,0.10)	24	0.006827966493236634	-0.009068204533156574	0.023417962569040204	-0.017432584685065804	0.03254856458695739	False	False	0.15863660243200126
12	[0.10,0.25)	1	-0.0016719620093731114	-0.013550343232311043	0.01058263982500477	-0.020672889368045295	0.01725140290448647	False	False	0.01537461708154635
12	[0.10,0.25)	4	0.003177165304116432	-0.007356544568597579	0.014011289355459297	-0.013028204583378993	0.01961045090932254	False	False	0.038610329873573025
12	[0.10,0.25)	12	0.0074703623330754036	-0.002273802691014891	0.01762016691378584	-0.008190223222306647	0.023761751385413955	False	False	0.08616997614493517
12	[0.10,0.25)	24	0.017119413182191547	0.007281263453771629	0.027299582762086484	0.0014495452422883166	0.03256180303109641	True	True	0.17602560468038142
12	[0.25,0.50)	1	-1.873231049863745e-05	-0.009317594037739164	0.009360377762348137	-0.01409302391935533	0.014797474662912112	False	False	0.013941003382088783
12	[0.25,0.50)	4	0.0004024485017057482	-0.008069921494815882	0.008753551943845164	-0.012467654164437394	0.013327995803669272	False	False	0.02664998984431252
12	[0.25,0.50)	12	0.004618135602346366	-0.0051091412410099865	0.014558024723406286	-0.01043320296209554	0.01968741835928462	False	False	0.07400955878008648
12	[0.25,0.50)	24	0.009983655724683026	0.0009749485892784847	0.018944560407573852	-0.004454627370669302	0.024376891815413	True	False	0.13768935440659935
12	[0.50,0.75)	1	-0.01086734103865345	-0.020509370688988306	-0.00136224381266503	-0.025966013698193544	0.003931696609921736	True	False	0.004466241049977789
12	[0.50,0.75)	4	-0.000773168446932345	-0.009190385829439209	0.007713092644163702	-0.014313679534730688	0.011865869459378767	False	False	0.029423639221181994
12	[0.50,0.75)	12	0.00023032725815319953	-0.00934985670101246	0.009841361921028177	-0.014883164107763502	0.014985932861499485	False	False	0.06644980150822613
12	[0.50,0.75)	24	-0.0011786235641599847	-0.010209958100699981	0.007923977066776134	-0.015147060710968496	0.013464230617415033	False	False	0.08604832897396635
12	[0.75,1.0]	1	-0.010363776122026675	-0.02076692226293902	0.00020905104340767687	-0.026488461911184823	0.006390833687211801	False	False	0.01009539573392787
12	[0.75,1.0]	4	-0.0052066856593792656	-0.01432898397801465	0.003828858479914674	-0.019168994657619204	0.008907823898669722	False	False	0.027661834981253523
12	[0.75,1.0]	12	-0.004802623337652543	-0.015052491521722862	0.00563433743834739	-0.02095807935538364	0.011173855173454568	False	False	0.05885887570991497
12	[0.75,1.0]	24	-0.0018146807332620903	-0.011539464036033115	0.008109579123511861	-0.017258430558911197	0.013515216902891928	False	False	0.09899617307430351
