pair	T_h	max_err_eps_plus_vs_direct	max_err_Ract_vs_run8	max_err_amp_vs_run8	max_err_mirror_logR	max_err_mirror_AB_swap	max_dev_mirror_priceR	mean_signed_dev_mirror_priceR	mean_abs_dev_mirror_priceR	brute_half	brute_alt	brute_rand
BTC/USDT	1	1.3062467774105357e-15	1.55964130499342e-12	2.2646814978877217e-15	0.0	0.0	0.00745920112658216	6.136081263403326e-05	0.0009221513802720631	0.0	0.0	0.0
BTC/USDT	4	2.671474153004283e-15	1.1909362385154054e-12	2.921274333544943e-15	0.0	0.0	0.012114889066767387	3.8155952736254306e-05	0.001953518546777638	0.0	0.0	0.0
BTC/USDT	12	3.809452753245068e-15	4.922728891187944e-13	4.288236432614667e-15	0.0	0.0	0.026867689292653596	8.889686491673853e-05	0.0034812469038737626	0.0	0.0	0.0
BTC/USDT	24	4.891920202254596e-15	4.592992652874273e-13	5.1937620870745604e-15	0.0	0.0	0.03320812914517235	5.288633893561344e-07	0.005043189287622377	0.0	0.0	0.0
ETH/USDT	1	1.0351962342891596e-15	1.102340441150318e-12	2.1788126858268697e-15	0.0	0.0	0.007774975159050013	0.000124321381869205	0.0011590011135867587	0.0	0.0	0.0
ETH/USDT	4	2.7139748781657147e-15	3.5982328228101323e-13	2.609024107869118e-15	0.0	0.0	0.01698863051484012	0.0001336627066612342	0.0023968813932428736	0.0	0.0	0.0
ETH/USDT	12	3.9794556538907955e-15	3.4861002973229915e-13	3.875372245332187e-15	0.0	0.0	0.037104242349712435	3.2273942951194904e-05	0.004394596388963145	0.0	0.0	0.0
ETH/USDT	24	6.016021014687567e-15	4.496403249731884e-13	4.9404924595819466e-15	0.0	0.0	0.040319248177695166	0.00022577854756229747	0.0063834305030330074	0.0	0.0	0.0
ADA/USDT	1	1.4155343563970746e-15	2.879918525877656e-13	1.556046957951196e-15	0.0	0.0	0.01131392488218852	0.00012470424750399612	0.001719562230091286	0.0	0.0	0.0
ADA/USDT	4	3.144186300207963e-15	2.814415367424772e-13	3.252172836587519e-15	0.0	0.0	0.02659235585120523	0.00032836044036415745	0.003547418647667608	0.0	0.0	0.0
ADA/USDT	12	7.964115478209521e-15	5.864198016070077e-13	6.6682770416548465e-15	0.0	0.0	0.05611847194972641	0.0004708724603243543	0.006298016103664713	0.0	0.0	0.0
ADA/USDT	24	1.1393663790215669e-14	4.733990977001667e-13	1.0654671589449549e-14	0.0	0.0	0.06775248750898433	0.00012049684255518042	0.0090356210108016	0.0	0.0	0.0
SOL/USDT	1	1.0894063429134349e-15	2.4780177909633494e-13	1.6202317265623378e-15	0.0	0.0	0.015306773247161787	6.240658599625102e-05	0.001999981062869362	0.0	0.0	0.0
SOL/USDT	4	3.571795637036246e-15	2.3514523661560816e-13	3.4677122284776374e-15	0.0	0.0	0.020842176731962758	3.043050849591952e-05	0.00404179485632427	0.0	0.0	0.0
SOL/USDT	12	5.6690763194922056e-15	2.0261570199409107e-13	4.884981308350689e-15	0.0	0.0	0.05612597618245241	-0.00045013777058836377	0.007149519333898827	0.0	0.0	0.0
SOL/USDT	24	1.0000680839006293e-14	2.922107000813412e-13	8.278100427361323e-15	0.0	0.0	0.0644568540196242	0.00014295995008835202	0.010121933992170326	0.0	0.0	0.0
XRP/USDT	1	1.4450246554886803e-15	2.7133850721838826e-13	1.0668549377257364e-15	0.0	0.0	0.03400484659415337	0.00013524482468026182	0.0015828161017294215	0.0	0.0	0.0
XRP/USDT	4	2.746934624209274e-15	3.0808688933348094e-13	2.3505503099485736e-15	0.0	0.0	0.03400484659415337	3.341112660509436e-05	0.003307106938977896	0.0	0.0	0.0
XRP/USDT	12	5.131312041939395e-15	4.466427228067005e-13	4.89538964920655e-15	0.0	0.0	0.0348612492301652	0.00023236936049821378	0.00563016867682524	0.0	0.0	0.0
XRP/USDT	24	1.0497679114873648e-14	6.085132397970483e-13	8.295447662121092e-15	0.0	0.0	0.053924594007516036	0.0005113456316229131	0.007957096604570455	0.0	0.0	0.0
DOGE/USDT	1	1.2212453270876722e-15	3.6637359812630166e-13	1.3739009929736312e-15	0.0	0.0	0.018169270072704302	4.7471200831950964e-05	0.0018438055301832211	0.0	0.0	0.0
DOGE/USDT	4	3.0119136351647313e-15	4.3087755585702325e-13	2.8362728832220796e-15	0.0	0.0	0.026974428919202875	0.00012174358280469521	0.0037008272330967067	0.0	0.0	0.0
DOGE/USDT	12	4.730590918988753e-15	3.291811268013589e-13	4.551914400963142e-15	0.0	0.0	0.05029614889741918	0.0001461645135957088	0.0066771100450208	0.0	0.0	0.0
DOGE/USDT	24	8.243405957841787e-15	2.9409807922320397e-13	6.265821195228227e-15	0.0	0.0	0.06230442291054328	0.00018676172151556455	0.009407833911570363	0.0	0.0	0.0
BNB/USDT	1	1.5516559391526285e-15	1.8635093468333253e-12	1.824495415858607e-15	0.0	0.0	0.01190103883376048	1.3246231535545014e-05	0.001081096823171644	0.0	0.0	0.0
BNB/USDT	4	4.459974056736371e-15	9.222622665561175e-13	4.4027281820291364e-15	0.0	0.0	0.013014789084239808	0.00019383341873285332	0.0021602715794306806	0.0	0.0	0.0
BNB/USDT	12	8.128914208427318e-15	5.939693181744587e-13	6.777564620641385e-15	0.0	0.0	0.035047443069400996	0.00028937714650114705	0.0037947091040558224	0.0	0.0	0.0
BNB/USDT	24	1.2446640940133591e-14	1.2241319069516976e-12	1.1466522176206695e-14	0.0	0.0	0.04251565739787011	9.127511203478088e-05	0.005612147284805871	0.0	0.0	0.0
LINK/USDT	1	1.7659484985443896e-15	2.2237767183241886e-13	1.9845236565174673e-15	0.0	0.0	0.009863070907096483	0.00011619998913298537	0.0017958128323392463	0.0	0.0	0.0
LINK/USDT	4	3.1068897454744615e-15	2.970956813896919e-13	3.282096816548119e-15	0.0	0.0	0.027045412154526494	0.0002721119512451299	0.003647503422424313	0.0	0.0	0.0
LINK/USDT	12	7.802786194943678e-15	3.8413716652030416e-13	7.875644580934704e-15	0.0	0.0	0.04573077534450942	-0.00011260243495166587	0.006522996688717736	0.0	0.0	0.0
LINK/USDT	24	1.5966394872890532e-14	2.8199664825478976e-13	1.6427831317500363e-14	0.0	0.0	0.05054780347645127	0.0002688002362381833	0.009482776140656997	0.0	0.0	0.0
LTC/USDT	1	1.115427195053087e-15	5.795364188543317e-13	1.5248219353836134e-15	0.0	0.0	0.011420833157005483	0.00016866973290966065	0.0014651702000963226	0.0	0.0	0.0
LTC/USDT	4	2.5326962749261384e-15	5.52891066263328e-13	2.383510055992133e-15	0.0	0.0	0.016199948146376708	0.0003714315246769449	0.0030946716475409117	0.0	0.0	0.0
LTC/USDT	12	4.336808689942018e-15	3.107514245925813e-13	4.8780424144467815e-15	0.0	0.0	0.03842730442875053	7.030113291071469e-05	0.00556179185694178	0.0	0.0	0.0
LTC/USDT	24	8.559125630469566e-15	2.9898306053155466e-13	6.480926906249351e-15	0.0	0.0	0.043039811825938745	0.0004261342898143045	0.007943433776370716	0.0	0.0	0.0
AVAX/USDT	1	1.6258695778592624e-15	2.5723867480564877e-13	1.7277845820728999e-15	0.0	0.0	0.014528664258490864	0.00011251573196465714	0.0019475753111375955	0.0	0.0	0.0
AVAX/USDT	4	4.3532885629637974e-15	3.7281289166912757e-13	3.776493007201509e-15	0.0	0.0	0.02282657215902162	0.00027260647678090696	0.003915911046650556	0.0	0.0	0.0
AVAX/USDT	12	1.1148200418364951e-14	1.0792478022381147e-12	5.9674487573602164e-15	0.0	0.0	0.044463251888921085	0.000135893039573418	0.007027978870507125	0.0	0.0	0.0
AVAX/USDT	24	1.5334955527634975e-14	1.1183276527049202e-12	1.3350431871117507e-14	0.0	0.0	0.05203096200076218	0.00038325260897425166	0.010077382165185425	0.0	0.0	0.0
