bucket	T_h	n	run8_n	dR_mean	amp_mean_pct	cap_prod_pct	run8_cap_pct	cap_prod_vs_run8	cap_pair_pct	cov_pct	ratio_pair_over_prod	corr_dR_amp	capm_pair_pct	cap_pair_consv_pct	pair_lo95_pct	pair_hi95_pct	pair_loADJ_pct	pair_hiADJ_pct	prod_lo95_pct	prod_hi95_pct	prod_loADJ_pct	prod_hiADJ_pct	n_weeks	cov_over_amp	h0_cov_over_amp	h0_corr	bias_pct	cov_residual_pct	cap_debias_pct
[0,0.05)	1	531	531	0.005802707559	0.6488398982	0.003765028182	0.003765028182	6.15826834e-17	0.01746078913	0.01369576095	4.637625083	0.2010039749	0.01745285079	0.01745285079	0.005082646368	0.03011808443	-0.002156340633	0.0369416287	-0.007266481645	0.01489566587	-0.01387343891	0.02129032346	102	0.02110807456	0.01218873013	0.2413269645	0.007908534417	0.005787226533	0.009552254715
[0,0.05)	4	531	531	0.01266019244	1.380616247	0.01747886738	0.01747886738	2.081668171e-17	0.04736161796	0.02988275058	2.709650284	0.1926166979	0.04734546563	0.04734546563	0.01544323804	0.07991987482	-0.00227747511	0.09736995885	-0.009276763006	0.04384775542	-0.02487050063	0.05767968704	102	0.02164450161	0.01283983171	0.2661948302	0.01772688027	0.01215587031	0.02963473769
[0,0.05)	12	531	531	0.020362456	2.81595896	0.05733984042	0.05733984042	-2.081668171e-17	0.1278220218	0.0704821814	2.229200864	0.2317364098	0.1270101068	0.1270101068	0.06781627878	0.1952732782	0.03438988156	0.2377058231	0.0123138462	0.1068765123	-0.01284036163	0.1393956331	102	0.02502954851	0.01266477341	0.2841786056	0.03566348216	0.03481869924	0.09215853966
[0,0.05)	24	531	531	0.01567594948	4.266322012	0.06687864833	0.06687864833	-1.110223025e-16	0.1874459682	0.1205673199	2.802777462	0.2729267653	0.1892678834	0.1874459682	0.096661599	0.2866337392	0.04749932163	0.3451079876	0.0005134548412	0.1379831284	-0.03519748209	0.1830397466	102	0.02826024842	0.0140562479	0.3012556016	0.05996847982	0.06059884008	0.1274774884
[0.05,0.10)	1	459	459	-0.005730536223	0.7039617455	-0.004034078282	-0.004034078282	-2.602085214e-18	0.005754158328	0.00978823661	-1.426387374	0.09409198418	0.005782834645	0.005754158328	-0.006869550583	0.01970448505	-0.0141958888	0.02872848079	-0.0148738678	0.007655013967	-0.02042352739	0.01486985572	111	0.01390450074	0.01218873013	0.2413269645	0.008580399738	0.001207836872	-0.00282624141
[0.05,0.10)	4	459	459	0.005309315758	1.58483725	0.008414401385	0.008414401385	3.122502257e-17	0.04459709107	0.03618268968	5.300090764	0.2142961693	0.04460679101	0.04459709107	0.0158835748	0.07497704405	-0.001844715072	0.09315972174	-0.01591255339	0.03426758189	-0.03037791906	0.04863157333	111	0.02283053965	0.01283983171	0.2661948302	0.02034904358	0.0158336461	0.02424804749
[0.05,0.10)	12	459	459	-0.004369482193	2.98259095	-0.01303237804	-0.01303237804	-5.204170428e-18	0.02299953893	0.03603191697	-1.764799859	0.1221042323	0.02186979922	0.02186979922	-0.04259648215	0.09530953594	-0.08172610222	0.1376680463	-0.05844984749	0.03669759774	-0.08278494768	0.06726431404	111	0.01208074375	0.01266477341	0.2841786056	0.03777383856	-0.001741921586	-0.01477429963
[0.05,0.10)	24	459	459	0.006827966493	4.589155706	0.03133460139	0.03133460139	-2.775557562e-17	0.1191596447	0.08782504332	3.802813485	0.1986022101	0.1179114284	0.1179114284	0.02949122487	0.2176185956	-0.01775333804	0.2819641835	-0.03979832426	0.1105988288	-0.07979679197	0.1557312214	111	0.01913751656	0.0140562479	0.3012556016	0.06450631026	0.02331873306	0.05465333445
[0.10,0.25)	1	1335	1335	-0.001671962009	0.8624700533	-0.001442017163	-0.001442017163	-6.548581122e-17	0.0222702648	0.02371228196	-15.44382783	0.2418505705	0.02228181737	0.0222702648	0.008951852295	0.03641048581	0.002087568354	0.04514190289	-0.01136230685	0.009203803578	-0.01687117922	0.01562196165	128	0.02749345542	0.01218873013	0.2413269645	0.01051241472	0.01319986724	0.01175785007
[0.10,0.25)	4	1335	1335	0.003177165304	1.866556093	0.005930357256	0.005930357256	3.469446952e-17	0.05245909309	0.04652873583	8.845857141	0.2319455501	0.05282382243	0.05245909309	0.02501082304	0.08081786653	0.01097912402	0.09914415266	-0.01364251703	0.02682138118	-0.02333388464	0.03979827846	128	0.02492758509	0.01283983171	0.2661948302	0.02396626611	0.02256246972	0.02849282697
[0.10,0.25)	12	1335	1335	0.007470362333	3.508671448	0.02621104703	0.02621104703	-4.510281038e-17	0.1017347415	0.07552369443	3.88136885	0.2152794176	0.1027786	0.1017347415	0.0527955339	0.1522567761	0.02773265897	0.1835553213	-0.008217291071	0.06233003323	-0.02696434424	0.08632442652	128	0.02152486933	0.01266477341	0.2841786056	0.04443652886	0.03108716557	0.0572982126
[0.10,0.25)	24	1335	1335	0.01711941318	5.175518405	0.08860183801	0.08860183801	-6.938893904e-17	0.2156903132	0.1270884752	2.434377413	0.2689829715	0.2177738356	0.2156903132	0.1505564076	0.2842172008	0.1149404266	0.3223691735	0.0364579005	0.1432337325	0.009430393904	0.1764450324	128	0.02455569959	0.0140562479	0.3012556016	0.07274836971	0.05434010549	0.1429419435
[0.25,0.50)	1	2117	2117	-1.87323105e-05	0.9322576836	-1.746334039e-05	-1.746334039e-05	-1.866860616e-18	0.01816553342	0.01818299676	-1040.209548	0.1789104214	0.01816960559	0.01816553342	0.007231806034	0.02959497054	0.001067650895	0.0368378477	-0.00867613268	0.00887162272	-0.01353980953	0.01486808162	131	0.01950426055	0.01218873013	0.2413269645	0.01136303732	0.006819959443	0.006802496103
[0.25,0.50)	4	2117	2117	0.0004024485017	1.985103005	0.0007989017302	0.0007989017302	-1.084202172e-19	0.04655004355	0.04575114182	58.26754629	0.2142107431	0.04628230809	0.04628230809	0.02271091316	0.07059419175	0.008690266923	0.08455342978	-0.0161086163	0.01747102204	-0.02636859707	0.02756875694	131	0.02304723821	0.01283983171	0.2661948302	0.02548838851	0.02026275331	0.02106165504
[0.25,0.50)	12	2117	2117	0.004618135602	3.66237782	0.0169133574	0.0169133574	5.551115123e-17	0.09893700513	0.08202364773	5.84963723	0.2316723615	0.09871683829	0.09871683829	0.05435524444	0.1460552638	0.03079724713	0.1753415318	-0.01921922344	0.05368863154	-0.03826894024	0.07612817455	131	0.02239628235	0.01266477341	0.2841786056	0.04638318523	0.0356404625	0.0525538199
[0.25,0.50)	24	2117	2117	0.009983655725	5.547020745	0.05537954542	0.05537954542	-3.469446952e-17	0.1723368514	0.1169573059	3.111922463	0.2105059112	0.1730496818	0.1723368514	0.1096435066	0.2383131353	0.07576552642	0.2815058372	0.005608496179	0.1070372799	-0.02390040879	0.1361794358	131	0.02108470678	0.0140562479	0.3012556016	0.0779702987	0.0389870072	0.09436655262
[0.50,0.75)	1	2232	2232	-0.01086734104	1.116765208	-0.01213626837	-0.01213626837	-4.163336342e-17	0.007215861211	0.01935212958	-0.5945700103	0.1478327672	0.007550451845	0.007215861211	-0.006859150013	0.02145185611	-0.01513564602	0.0300709927	-0.02272861715	-0.001485922113	-0.02908481201	0.004381414599	131	0.0173287361	0.01218873013	0.2413269645	0.01361194974	0.005740179841	-0.006396088529
[0.50,0.75)	4	2232	2232	-0.0007731684469	2.380835602	-0.001840786965	-0.001840786965	-4.033232082e-17	0.06378280907	0.06562359603	-34.64975051	0.2205919989	0.06420154562	0.06378280907	0.03414732973	0.09363822579	0.01774517025	0.110839998	-0.02220218401	0.01847712163	-0.03300144911	0.03149594469	131	0.02756326223	0.01283983171	0.2661948302	0.03056952846	0.03505406757	0.03321328061
[0.50,0.75)	12	2232	2232	0.0002303272582	4.240839018	0.0009767808232	0.0009767808232	8.153200337e-17	0.1141265123	0.1131497315	116.8394276	0.2311541853	0.1161087142	0.1141265123	0.05003978713	0.1832115864	0.01774994565	0.2263055248	-0.03871195411	0.04272583031	-0.05853363284	0.06664470148	131	0.02668097775	0.01266477341	0.2841786056	0.05370926523	0.05944046627	0.06041724709
[0.50,0.75)	24	2232	2232	-0.001178623564	6.166778686	-0.007268310674	-0.007268310674	-9.454242944e-17	0.1586016217	0.1658699324	-21.82097448	0.2402602902	0.1622197341	0.1586016217	0.07528891867	0.2461148643	0.02914393899	0.3007352093	-0.0618808386	0.05027770355	-0.09376705335	0.08492513401	131	0.02689733828	0.0140562479	0.3012556016	0.08668176995	0.07918816245	0.07191985177
[0.75,1.0]	1	2336	2336	-0.01036377612	1.547289806	-0.01603576514	-0.01603576514	-3.122502257e-17	0.0209767738	0.03701253894	-1.308124284	0.1814873045	0.02073446926	0.02073446926	-0.0006503030433	0.04320219032	-0.01221020623	0.05628455083	-0.0318900734	0.000277549785	-0.04036320493	0.00851473182	130	0.02392088334	0.01218873013	0.2413269645	0.01885949788	0.01815304106	0.002117275922
[0.75,1.0]	4	2336	2336	-0.005206685659	3.034239351	-0.01579833052	-0.01579833052	-4.510281038e-17	0.04491908845	0.06071741896	-2.843280712	0.1831294878	0.04571319599	0.04491908845	0.004583369623	0.08429462208	-0.01697004591	0.1078296759	-0.04290529875	0.01223343683	-0.05994394351	0.03024293527	130	0.02001075457	0.01283983171	0.2661948302	0.03895912263	0.02175829633	0.005959965805
[0.75,1.0]	12	2336	2336	-0.004802623338	5.059548841	-0.02429910734	-0.02429910734	-1.387778781e-17	0.0616582328	0.08595734014	-2.537469049	0.1563161814	0.05812394081	0.05812394081	-0.006672146538	0.1289529381	-0.04353826339	0.1655049332	-0.07536934207	0.02747926477	-0.103274464	0.06019645554	130	0.01698913141	0.01266477341	0.2841786056	0.06407803963	0.02187930051	-0.002419806828
[0.75,1.0]	24	2336	2336	-0.001814680733	7.115662294	-0.01291265527	-0.01291265527	-2.602085214e-17	0.1040899583	0.1170026136	-8.061080864	0.1645968523	0.100414592	0.100414592	0.0180188953	0.1913830961	-0.03116550842	0.244741319	-0.08334912839	0.05973323633	-0.1246414834	0.101774148	130	0.01644296887	0.0140562479	0.3012556016	0.1000195132	0.01698310042	0.004070445153
