pair	ts	grade	vol_z	amp_24h	win4h
XRP/USDT	2025-01-01 12:15:00+00:00	B	3.167477352332188	0.1385391594149232	2025-01-01 12:00:00+00:00
AVAX/USDT	2025-01-01 18:30:00+00:00	B	7.176978026793072	0.1086601307189543	2025-01-01 16:00:00+00:00
XRP/USDT	2025-01-02 00:00:00+00:00	B	3.604238991013569	0.045532538187905425	2025-01-02 00:00:00+00:00
AVAX/USDT	2025-01-02 04:30:00+00:00	B	3.902808043670708	0.05212059274399589	2025-01-02 04:00:00+00:00
ETH/USDT	2025-01-02 09:45:00+00:00	B	3.720284852391079	0.025432892631093246	2025-01-02 08:00:00+00:00
BTC/USDT	2025-01-02 14:45:00+00:00	A	5.149805433976095	0.0185022099810512	2025-01-02 12:00:00+00:00
ADA/USDT	2025-01-03 03:45:00+00:00	B	3.981025612137773	0.11051606621226868	2025-01-03 00:00:00+00:00
ADA/USDT	2025-01-03 08:15:00+00:00	B	4.016479846841341	0.07529122075954153	2025-01-03 08:00:00+00:00
DOGE/USDT	2025-01-03 13:00:00+00:00	B	8.617428047863749	0.10103555210986827	2025-01-03 12:00:00+00:00
BNB/USDT	2025-01-03 16:15:00+00:00	B	4.818055415675724	0.019644658670552605	2025-01-03 16:00:00+00:00
DOGE/USDT	2025-01-04 03:00:00+00:00	A	3.0415684603136293	0.057308501359601936	2025-01-04 00:00:00+00:00
SOL/USDT	2025-01-05 03:30:00+00:00	A	4.624044492891265	0.03480055020632739	2025-01-05 00:00:00+00:00
BTC/USDT	2025-01-05 20:15:00+00:00	A	5.696796247689189	0.046302647303089105	2025-01-05 20:00:00+00:00
LINK/USDT	2025-01-06 02:00:00+00:00	B	7.017392679095002	0.060796645702306196	2025-01-06 00:00:00+00:00
AVAX/USDT	2025-01-06 09:00:00+00:00	A	3.761826163534131	0.03729656419529834	2025-01-06 08:00:00+00:00
BTC/USDT	2025-01-06 14:45:00+00:00	B	16.160153530339684	0.029704866224465866	2025-01-06 12:00:00+00:00
XRP/USDT	2025-01-07 10:45:00+00:00	A	3.1253446585559077	0.0821086912273559	2025-01-07 08:00:00+00:00
XRP/USDT	2025-01-10 17:45:00+00:00	B	3.0752777162680416	0.08123404255319151	2025-01-10 16:00:00+00:00
ADA/USDT	2025-01-11 16:45:00+00:00	A	3.682119110528049	0.10427638508531702	2025-01-11 16:00:00+00:00
BTC/USDT	2025-01-11 21:45:00+00:00	B	8.725547719776811	0.01831573709753328	2025-01-11 20:00:00+00:00
SOL/USDT	2025-01-12 15:15:00+00:00	B	3.032398880592895	0.12136330217414146	2025-01-12 12:00:00+00:00
ETH/USDT	2025-01-13 00:15:00+00:00	B	4.154275483605286	0.12682864813979605	2025-01-13 00:00:00+00:00
XRP/USDT	2025-01-14 16:45:00+00:00	B	6.625072553893687	0.16455744599502967	2025-01-14 16:00:00+00:00
BNB/USDT	2025-01-15 00:15:00+00:00	A	6.580724996986848	0.038361239757748425	2025-01-15 00:00:00+00:00
AVAX/USDT	2025-01-15 13:30:00+00:00	B	19.877677044207925	0.05709071949947857	2025-01-15 12:00:00+00:00
LTC/USDT	2025-01-15 22:30:00+00:00	B	5.0669863529869525	0.20968781655769417	2025-01-15 20:00:00+00:00
LTC/USDT	2025-01-16 15:00:00+00:00	B	3.7783296706195832	0.17895164567249083	2025-01-16 12:00:00+00:00
ADA/USDT	2025-01-16 16:00:00+00:00	B	4.449440161330856	0.057318048520394564	2025-01-16 16:00:00+00:00
BTC/USDT	2025-01-17 01:30:00+00:00	B	6.389707329784322	0.050028587455031776	2025-01-17 00:00:00+00:00
ETH/USDT	2025-01-17 20:15:00+00:00	B	3.106108707032757	0.0855588016268545	2025-01-17 20:00:00+00:00
SOL/USDT	2025-01-18 02:45:00+00:00	A	4.617988350207589	0.23130967393262483	2025-01-18 00:00:00+00:00
ETH/USDT	2025-01-19 13:45:00+00:00	B	3.128306813626165	0.0948767008748882	2025-01-19 12:00:00+00:00
DOGE/USDT	2025-01-21 11:15:00+00:00	B	6.779799705363	0.12132629992464207	2025-01-21 08:00:00+00:00
BNB/USDT	2025-01-22 04:30:00+00:00	B	4.003261067418537	0.028846567215510932	2025-01-22 04:00:00+00:00
SOL/USDT	2025-01-22 13:15:00+00:00	B	3.633201707215169	0.1131031345942462	2025-01-22 12:00:00+00:00
XRP/USDT	2025-01-22 19:30:00+00:00	A	15.56951599422565	0.07729709512529616	2025-01-22 16:00:00+00:00
DOGE/USDT	2025-01-22 22:30:00+00:00	B	17.40338197513627	0.06669964547778055	2025-01-22 20:00:00+00:00
LINK/USDT	2025-01-23 13:30:00+00:00	A	3.8198929904458896	0.07648494711147286	2025-01-23 12:00:00+00:00
SOL/USDT	2025-01-23 20:15:00+00:00	B	5.484975510713748	0.10394082886549526	2025-01-23 20:00:00+00:00
BNB/USDT	2025-01-24 05:45:00+00:00	B	3.779044112179721	0.01972931895491061	2025-01-24 04:00:00+00:00
LTC/USDT	2025-01-24 14:30:00+00:00	B	4.380613426911792	0.09100624794475508	2025-01-24 12:00:00+00:00
DOGE/USDT	2025-01-25 15:00:00+00:00	A	33.52207859772792	0.03113016016241821	2025-01-25 12:00:00+00:00
ADA/USDT	2025-01-26 18:00:00+00:00	A	3.618964578194998	0.14357178589294642	2025-01-26 16:00:00+00:00
LINK/USDT	2025-01-27 12:45:00+00:00	B	3.4872330338863433	0.08054841473864606	2025-01-27 12:00:00+00:00
XRP/USDT	2025-01-28 15:15:00+00:00	B	6.328118633569303	0.06308082230357646	2025-01-28 12:00:00+00:00
BNB/USDT	2025-01-29 04:00:00+00:00	B	10.946880451166919	0.029198262534049977	2025-01-29 04:00:00+00:00
BNB/USDT	2025-01-29 19:30:00+00:00	B	3.2748865086985766	0.027632070537248764	2025-01-29 16:00:00+00:00
LTC/USDT	2025-01-30 04:15:00+00:00	B	3.681094510168254	0.07649313318428616	2025-01-30 04:00:00+00:00
BTC/USDT	2025-01-30 14:45:00+00:00	A	3.9650609033508184	0.023860804374447812	2025-01-30 12:00:00+00:00
ETH/USDT	2025-01-31 11:00:00+00:00	B	4.522287958669027	0.0646655611169891	2025-01-31 08:00:00+00:00
BTC/USDT	2025-01-31 15:15:00+00:00	A	4.6301377991070245	0.04374026838458155	2025-01-31 12:00:00+00:00
LINK/USDT	2025-02-01 02:15:00+00:00	B	6.115949107772751	0.1230709876543209	2025-02-01 00:00:00+00:00
BNB/USDT	2025-02-06 12:30:00+00:00	A	11.021457089466603	0.03500341997264027	2025-02-06 12:00:00+00:00
BTC/USDT	2025-02-07 13:30:00+00:00	B	6.0143987284577	0.04594002318534045	2025-02-07 12:00:00+00:00
DOGE/USDT	2025-02-09 01:00:00+00:00	A	3.7552463496944264	0.07959905660377366	2025-02-09 00:00:00+00:00
BNB/USDT	2025-02-09 07:00:00+00:00	B	3.890307363488623	0.08249996025247625	2025-02-09 04:00:00+00:00
AVAX/USDT	2025-02-09 08:45:00+00:00	B	4.32306259130039	0.08777429467084634	2025-02-09 08:00:00+00:00
LTC/USDT	2025-02-10 00:00:00+00:00	B	7.535754350167587	0.1373115464475942	2025-02-10 00:00:00+00:00
SOL/USDT	2025-02-10 13:45:00+00:00	A	5.172512905953869	0.05394131185270426	2025-02-10 12:00:00+00:00
ADA/USDT	2025-02-10 22:15:00+00:00	A	9.768438884296703	0.16645596291613998	2025-02-10 20:00:00+00:00
ETH/USDT	2025-02-11 00:30:00+00:00	A	5.1510135417169645	0.061588127091536424	2025-02-11 00:00:00+00:00
BNB/USDT	2025-02-11 04:30:00+00:00	B	6.957028690788974	0.034107596835573	2025-02-11 04:00:00+00:00
ETH/USDT	2025-02-12 13:15:00+00:00	A	3.0049797259186595	0.09343584345276128	2025-02-12 12:00:00+00:00
ETH/USDT	2025-02-12 22:15:00+00:00	B	4.836460169331362	0.06595187812494345	2025-02-12 20:00:00+00:00
BNB/USDT	2025-02-13 13:15:00+00:00	B	6.288427543752721	0.1017431028058021	2025-02-13 12:00:00+00:00
LTC/USDT	2025-02-13 19:00:00+00:00	B	3.269700858380144	0.07545560294687867	2025-02-13 16:00:00+00:00
DOGE/USDT	2025-02-13 21:30:00+00:00	B	4.002827664056627	0.10453081876724937	2025-02-13 20:00:00+00:00
XRP/USDT	2025-02-14 08:00:00+00:00	B	3.8139533590148718	0.08546289211935724	2025-02-14 08:00:00+00:00
ETH/USDT	2025-02-14 14:45:00+00:00	B	4.476643235414745	0.04759716989800607	2025-02-14 12:00:00+00:00
DOGE/USDT	2025-02-14 17:30:00+00:00	B	4.42681337679497	0.06844617288315358	2025-02-14 16:00:00+00:00
LTC/USDT	2025-02-16 01:15:00+00:00	B	5.159430808267084	0.09372023155272226	2025-02-16 00:00:00+00:00
BNB/USDT	2025-02-16 14:30:00+00:00	B	10.265929241200894	0.030162618422217544	2025-02-16 12:00:00+00:00
ADA/USDT	2025-02-17 04:45:00+00:00	B	9.410858309741998	0.05704365079365071	2025-02-17 04:00:00+00:00
ETH/USDT	2025-02-17 09:30:00+00:00	B	3.1601828561530465	0.07207940301775247	2025-02-17 08:00:00+00:00
BTC/USDT	2025-02-17 14:00:00+00:00	A	7.10046736600849	0.020599284747487227	2025-02-17 12:00:00+00:00
LTC/USDT	2025-02-19 01:00:00+00:00	B	5.161482613964539	0.07480789513334342	2025-02-19 00:00:00+00:00
XRP/USDT	2025-02-19 16:15:00+00:00	B	3.1806466986195847	0.04861032545159718	2025-02-19 16:00:00+00:00
DOGE/USDT	2025-02-19 22:45:00+00:00	A	3.716301309716586	0.030344827586206838	2025-02-19 20:00:00+00:00
LINK/USDT	2025-02-20 02:45:00+00:00	B	4.102692055115128	0.036752605595172884	2025-02-20 00:00:00+00:00
AVAX/USDT	2025-02-20 10:45:00+00:00	B	3.0806239690244603	0.0701182225845904	2025-02-20 08:00:00+00:00
ETH/USDT	2025-02-20 14:00:00+00:00	A	3.9738555532402033	0.050053989028270074	2025-02-20 12:00:00+00:00
LTC/USDT	2025-02-21 02:15:00+00:00	B	4.750174519598775	0.11951960642454046	2025-02-21 00:00:00+00:00
ETH/USDT	2025-02-21 09:15:00+00:00	A	13.667670123994174	0.0818237460671987	2025-02-21 08:00:00+00:00
BTC/USDT	2025-02-21 13:00:00+00:00	B	5.881063032954251	0.04634712968587502	2025-02-21 12:00:00+00:00
BNB/USDT	2025-02-22 17:45:00+00:00	B	15.825384915727767	0.046914207193213	2025-02-22 16:00:00+00:00
LINK/USDT	2025-02-23 03:30:00+00:00	A	3.6143011443241804	0.07550335570469788	2025-02-23 00:00:00+00:00
ETH/USDT	2025-02-23 07:15:00+00:00	B	3.267161525198054	0.05902723403043733	2025-02-23 04:00:00+00:00
ETH/USDT	2025-02-23 23:00:00+00:00	A	3.494177862355521	0.13631672566527542	2025-02-23 20:00:00+00:00
XRP/USDT	2025-02-24 00:00:00+00:00	A	3.3580166472585185	0.15130996806832608	2025-02-24 00:00:00+00:00
LTC/USDT	2025-02-26 09:30:00+00:00	B	5.982000047913654	0.07928042664968565	2025-02-26 08:00:00+00:00
LINK/USDT	2025-02-26 22:00:00+00:00	B	3.8013495385171727	0.06414368184733804	2025-02-26 20:00:00+00:00
LINK/USDT	2025-02-28 13:30:00+00:00	B	3.3784552201122264	0.06412966878083158	2025-02-28 12:00:00+00:00
BNB/USDT	2025-03-01 14:00:00+00:00	B	3.240749581244303	0.023661539999666626	2025-03-01 12:00:00+00:00
ETH/USDT	2025-03-02 09:30:00+00:00	A	6.782179570524087	0.16807640563185164	2025-03-02 08:00:00+00:00
AVAX/USDT	2025-03-02 15:15:00+00:00	B	11.057265168866714	0.12893081761006292	2025-03-02 12:00:00+00:00
LTC/USDT	2025-03-02 16:30:00+00:00	B	9.458810091025756	0.13834632903574462	2025-03-02 16:00:00+00:00
ADA/USDT	2025-03-04 14:30:00+00:00	B	6.873495085247464	0.27497352629721145	2025-03-04 12:00:00+00:00
LINK/USDT	2025-03-04 21:15:00+00:00	B	3.92217554500056	0.12532637075718014	2025-03-04 20:00:00+00:00
AVAX/USDT	2025-03-05 19:00:00+00:00	B	5.0650874299721655	0.07980997624703086	2025-03-05 16:00:00+00:00
BTC/USDT	2025-03-06 01:45:00+00:00	B	3.0994101803340386	0.08943401394222686	2025-03-06 00:00:00+00:00
LTC/USDT	2025-03-06 04:30:00+00:00	B	3.3439434917616095	0.14319569774860993	2025-03-06 04:00:00+00:00
AVAX/USDT	2025-03-06 22:00:00+00:00	B	5.370445373473325	0.08169934640522875	2025-03-06 20:00:00+00:00
SOL/USDT	2025-03-07 13:30:00+00:00	B	3.0096729442589867	0.09756097560975616	2025-03-07 12:00:00+00:00
ETH/USDT	2025-03-08 17:15:00+00:00	B	3.4129864489834207	0.0965419108083979	2025-03-08 16:00:00+00:00
SOL/USDT	2025-03-10 09:15:00+00:00	B	4.907449344707129	0.145051063503033	2025-03-10 08:00:00+00:00
BNB/USDT	2025-03-12 12:30:00+00:00	A	4.004297662963031	0.06242544023645451	2025-03-12 12:00:00+00:00
BNB/USDT	2025-03-13 13:00:00+00:00	A	18.871643032225354	0.05954565166627756	2025-03-13 12:00:00+00:00
LINK/USDT	2025-03-14 08:15:00+00:00	A	30.946814729761428	0.08744710860366715	2025-03-14 08:00:00+00:00
SOL/USDT	2025-03-14 13:45:00+00:00	A	10.340522176968058	0.06544157556020778	2025-03-14 12:00:00+00:00
BNB/USDT	2025-03-15 15:30:00+00:00	A	3.1801405404305534	0.0494118428922709	2025-03-15 12:00:00+00:00
DOGE/USDT	2025-03-16 16:00:00+00:00	B	6.783457643518978	0.04902824261640536	2025-03-16 16:00:00+00:00
BNB/USDT	2025-03-17 02:45:00+00:00	B	9.928966828372962	0.03753042141667743	2025-03-17 00:00:00+00:00
DOGE/USDT	2025-03-17 18:30:00+00:00	B	4.041713891178896	0.07664731990440413	2025-03-17 16:00:00+00:00
LINK/USDT	2025-03-18 07:00:00+00:00	A	4.017258115496794	0.05815602836879422	2025-03-18 04:00:00+00:00
LINK/USDT	2025-03-19 10:30:00+00:00	A	11.768137175943194	0.07268877911079741	2025-03-19 08:00:00+00:00
ADA/USDT	2025-03-19 13:00:00+00:00	B	5.354073827227708	0.03919680924219498	2025-03-19 12:00:00+00:00
BTC/USDT	2025-03-19 18:45:00+00:00	B	6.229199720895282	0.04436794968009838	2025-03-19 16:00:00+00:00
BNB/USDT	2025-03-20 09:00:00+00:00	B	11.56408854742266	0.03343901323364729	2025-03-20 08:00:00+00:00
AVAX/USDT	2025-03-21 18:30:00+00:00	A	3.659638137022163	0.04562334217506628	2025-03-21 16:00:00+00:00
LINK/USDT	2025-03-22 16:15:00+00:00	A	3.1614885480349018	0.024390243902439	2025-03-22 16:00:00+00:00
DOGE/USDT	2025-03-23 06:30:00+00:00	A	4.205052401999944	0.041163946061036155	2025-03-23 04:00:00+00:00
SOL/USDT	2025-03-23 10:15:00+00:00	A	5.675496296008757	0.08087233075874607	2025-03-23 08:00:00+00:00
BTC/USDT	2025-03-23 23:45:00+00:00	B	5.99109496488515	0.037711962361687876	2025-03-23 20:00:00+00:00
BNB/USDT	2025-03-24 00:00:00+00:00	A	5.310428488738059	0.03507284852943521	2025-03-24 00:00:00+00:00
BTC/USDT	2025-03-24 04:00:00+00:00	B	3.8559393550029384	0.028314950097153353	2025-03-24 04:00:00+00:00
SOL/USDT	2025-03-24 10:30:00+00:00	B	4.21665355429396	0.04788434414668561	2025-03-24 08:00:00+00:00
DOGE/USDT	2025-03-24 14:00:00+00:00	A	8.686975758718724	0.054560530679933605	2025-03-24 12:00:00+00:00
BNB/USDT	2025-03-24 16:00:00+00:00	B	7.899712086071056	0.02237016469994313	2025-03-24 16:00:00+00:00
LTC/USDT	2025-03-25 13:00:00+00:00	A	6.0085272726806185	0.04094002552105481	2025-03-25 12:00:00+00:00
XRP/USDT	2025-03-25 17:45:00+00:00	A	13.455965698099842	0.04075006088156508	2025-03-25 16:00:00+00:00
BTC/USDT	2025-03-25 20:00:00+00:00	A	4.234635779546842	0.029493437429282697	2025-03-25 20:00:00+00:00
XRP/USDT	2025-03-26 01:15:00+00:00	A	3.367073090252094	0.06065878925218523	2025-03-26 00:00:00+00:00
LTC/USDT	2025-03-27 10:00:00+00:00	A	3.8799808353704908	0.07400760135135126	2025-03-27 08:00:00+00:00
BTC/USDT	2025-03-31 12:45:00+00:00	B	6.878220769855346	0.034418066530915	2025-03-31 12:00:00+00:00
ETH/USDT	2025-04-01 08:15:00+00:00	B	4.063867498432727	0.045362159637866904	2025-04-01 08:00:00+00:00
ADA/USDT	2025-04-01 14:45:00+00:00	A	3.4594308785775545	0.046440082039261574	2025-04-01 12:00:00+00:00
AVAX/USDT	2025-04-01 23:30:00+00:00	B	11.017839137329998	0.10797174571140247	2025-04-01 20:00:00+00:00
BTC/USDT	2025-04-02 13:30:00+00:00	B	4.865647196973519	0.07847113875429028	2025-04-02 12:00:00+00:00
SOL/USDT	2025-04-02 20:00:00+00:00	B	4.193744324183549	0.1792819745699328	2025-04-02 20:00:00+00:00
XRP/USDT	2025-04-04 13:45:00+00:00	B	9.365645473686268	0.04640075525135712	2025-04-04 12:00:00+00:00
BTC/USDT	2025-04-07 13:45:00+00:00	B	3.405241915271222	0.05015448768443556	2025-04-07 12:00:00+00:00
SOL/USDT	2025-04-09 07:00:00+00:00	B	3.0863047774974506	0.17377963737796373	2025-04-09 04:00:00+00:00
ADA/USDT	2025-04-09 17:15:00+00:00	B	13.443665741030895	0.0992478744277305	2025-04-09 16:00:00+00:00
AVAX/USDT	2025-04-11 12:30:00+00:00	B	4.209396321993087	0.03815995818086777	2025-04-11 12:00:00+00:00
BTC/USDT	2025-04-11 17:30:00+00:00	B	4.397388993406574	0.031091564744539744	2025-04-11 16:00:00+00:00
ADA/USDT	2025-04-12 13:30:00+00:00	B	3.0801159581086077	0.04328404189772029	2025-04-12 12:00:00+00:00
SOL/USDT	2025-04-13 17:15:00+00:00	B	5.422922339779428	0.0824372759856631	2025-04-13 16:00:00+00:00
LINK/USDT	2025-04-14 00:15:00+00:00	B	3.387518570782833	0.05663304887509701	2025-04-14 00:00:00+00:00
BNB/USDT	2025-04-15 04:45:00+00:00	A	4.5543258678407135	0.025208942039817953	2025-04-15 04:00:00+00:00
XRP/USDT	2025-04-15 09:00:00+00:00	A	6.077550037651421	0.06878939861040823	2025-04-15 08:00:00+00:00
BNB/USDT	2025-04-16 11:45:00+00:00	A	10.897093077498617	0.018038447662732566	2025-04-16 08:00:00+00:00
ETH/USDT	2025-04-16 15:15:00+00:00	B	3.6992806058950007	0.04656667331074346	2025-04-16 12:00:00+00:00
SOL/USDT	2025-04-16 19:45:00+00:00	B	5.841942187696385	0.05058512646281608	2025-04-16 16:00:00+00:00
BNB/USDT	2025-04-17 09:00:00+00:00	A	6.287798913145045	0.015306995040191628	2025-04-17 08:00:00+00:00
ADA/USDT	2025-04-18 22:00:00+00:00	A	3.1656469395338025	0.025011872724394545	2025-04-18 20:00:00+00:00
ETH/USDT	2025-04-19 04:15:00+00:00	A	7.9697734419239215	0.02342251764136365	2025-04-19 04:00:00+00:00
AVAX/USDT	2025-04-19 09:00:00+00:00	B	4.110227421880574	0.04580152671755718	2025-04-19 08:00:00+00:00
ETH/USDT	2025-04-19 15:15:00+00:00	A	3.00281297998416	0.04111000744971444	2025-04-19 12:00:00+00:00
LINK/USDT	2025-04-20 14:45:00+00:00	B	5.048878499414361	0.04939209726443758	2025-04-20 12:00:00+00:00
BTC/USDT	2025-04-21 00:15:00+00:00	B	18.86401254700504	0.02608689298125685	2025-04-21 00:00:00+00:00
LTC/USDT	2025-04-21 07:00:00+00:00	A	12.908424834561911	0.056092357886811384	2025-04-21 04:00:00+00:00
AVAX/USDT	2025-04-21 08:00:00+00:00	B	5.885992884320117	0.06851940584571153	2025-04-21 08:00:00+00:00
DOGE/USDT	2025-04-22 07:15:00+00:00	A	3.880265356683019	0.1369292062519154	2025-04-22 04:00:00+00:00
LINK/USDT	2025-04-22 13:00:00+00:00	B	12.922839860746329	0.1261922230374175	2025-04-22 12:00:00+00:00
BTC/USDT	2025-04-22 21:45:00+00:00	B	12.166661304769404	0.02967154231207462	2025-04-22 20:00:00+00:00
DOGE/USDT	2025-04-23 00:15:00+00:00	B	4.424892450656181	0.05756731662024138	2025-04-23 00:00:00+00:00
XRP/USDT	2025-04-24 13:30:00+00:00	B	9.910516154839094	0.037944591752765724	2025-04-24 12:00:00+00:00
BTC/USDT	2025-04-24 23:30:00+00:00	A	3.381494239528457	0.0309113110550797	2025-04-24 20:00:00+00:00
SOL/USDT	2025-04-25 01:00:00+00:00	B	3.675464958394177	0.046373983739837366	2025-04-25 00:00:00+00:00
BTC/USDT	2025-04-25 07:45:00+00:00	A	3.223547768264877	0.023655396595965446	2025-04-25 04:00:00+00:00
SOL/USDT	2025-04-25 12:00:00+00:00	A	4.700580405362299	0.05330339961513792	2025-04-25 12:00:00+00:00
XRP/USDT	2025-04-26 06:30:00+00:00	A	6.965773273313335	0.040656269719642944	2025-04-26 04:00:00+00:00
ETH/USDT	2025-04-26 08:15:00+00:00	A	3.1111460443518832	0.04295012032378034	2025-04-26 08:00:00+00:00
ADA/USDT	2025-04-27 00:15:00+00:00	A	3.682302464810047	0.038063252169045624	2025-04-27 00:00:00+00:00
XRP/USDT	2025-04-27 12:30:00+00:00	A	20.265648406752955	0.06819502167404035	2025-04-27 12:00:00+00:00
ETH/USDT	2025-04-28 10:30:00+00:00	A	4.274514319580668	0.0539916935856022	2025-04-28 08:00:00+00:00
ETH/USDT	2025-04-29 06:15:00+00:00	A	3.2037481376793013	0.03447800455515542	2025-04-29 04:00:00+00:00
BTC/USDT	2025-04-29 16:30:00+00:00	A	4.488949243246423	0.02669998327813167	2025-04-29 16:00:00+00:00
LTC/USDT	2025-05-01 07:30:00+00:00	A	3.841455870717945	0.07227781047675104	2025-05-01 04:00:00+00:00
ETH/USDT	2025-05-01 10:15:00+00:00	A	4.6112587343330995	0.03267107928044354	2025-05-01 08:00:00+00:00
DOGE/USDT	2025-05-01 14:45:00+00:00	B	4.83358288358682	0.029094115054000478	2025-05-01 12:00:00+00:00
LTC/USDT	2025-05-01 16:00:00+00:00	B	3.7595229799795615	0.03510351035103516	2025-05-01 16:00:00+00:00
LTC/USDT	2025-05-01 20:30:00+00:00	B	3.4549480025198176	0.04094732182381588	2025-05-01 20:00:00+00:00
AVAX/USDT	2025-05-02 00:15:00+00:00	A	5.1832365019560225	0.055606198723792265	2025-05-02 00:00:00+00:00
BNB/USDT	2025-05-02 11:00:00+00:00	B	9.701612172286339	0.01109574663045827	2025-05-02 08:00:00+00:00
LINK/USDT	2025-05-02 14:15:00+00:00	A	4.995045334097116	0.05016949152542374	2025-05-02 12:00:00+00:00
ETH/USDT	2025-05-02 16:00:00+00:00	A	8.33018962789858	0.027053882181068134	2025-05-02 16:00:00+00:00
ADA/USDT	2025-05-03 15:00:00+00:00	B	7.8572735213176115	0.06459165404214288	2025-05-03 12:00:00+00:00
SOL/USDT	2025-05-06 22:00:00+00:00	B	3.603913614970836	0.03333790643435303	2025-05-06 20:00:00+00:00
ETH/USDT	2025-05-07 00:15:00+00:00	B	7.197603205033783	0.03429090928886784	2025-05-07 00:00:00+00:00
BNB/USDT	2025-05-07 12:00:00+00:00	A	3.5580258047849194	0.032864235688685774	2025-05-07 12:00:00+00:00
BTC/USDT	2025-05-08 00:45:00+00:00	B	4.034202950607516	0.06695059149528568	2025-05-08 00:00:00+00:00
XRP/USDT	2025-05-08 04:00:00+00:00	B	4.278890856498768	0.07487604057680938	2025-05-08 04:00:00+00:00
SOL/USDT	2025-05-08 14:30:00+00:00	A	4.015025881195823	0.12576608784473964	2025-05-08 12:00:00+00:00
ETH/USDT	2025-05-08 19:45:00+00:00	B	4.905854087970226	0.17903703318963282	2025-05-08 16:00:00+00:00
DOGE/USDT	2025-05-09 07:00:00+00:00	B	5.007636330996564	0.1270795053880916	2025-05-09 04:00:00+00:00
AVAX/USDT	2025-05-09 08:15:00+00:00	B	3.0435626939599936	0.06871532223644897	2025-05-09 08:00:00+00:00
LTC/USDT	2025-05-10 00:00:00+00:00	B	6.16173553999076	0.06244620828153392	2025-05-10 00:00:00+00:00
XRP/USDT	2025-05-10 10:00:00+00:00	B	5.3199712803387715	0.059096176129779764	2025-05-10 08:00:00+00:00
ADA/USDT	2025-05-10 17:00:00+00:00	B	7.113612951826092	0.07913233155598645	2025-05-10 16:00:00+00:00
BTC/USDT	2025-05-10 23:00:00+00:00	B	3.408586231005589	0.015766188324360195	2025-05-10 20:00:00+00:00
BTC/USDT	2025-05-12 01:00:00+00:00	B	7.400164189267775	0.04869859090388362	2025-05-12 00:00:00+00:00
AVAX/USDT	2025-05-12 06:45:00+00:00	B	3.265410532166408	0.1326810176125245	2025-05-12 04:00:00+00:00
BNB/USDT	2025-05-12 08:30:00+00:00	B	7.026646418183155	0.07802391103425663	2025-05-12 08:00:00+00:00
XRP/USDT	2025-05-12 12:00:00+00:00	B	4.897669775816629	0.09358835558763384	2025-05-12 12:00:00+00:00
ETH/USDT	2025-05-13 12:30:00+00:00	B	3.92301234987103	0.08645758160114511	2025-05-13 12:00:00+00:00
SOL/USDT	2025-05-13 19:15:00+00:00	B	3.155330361180807	0.06441446422647354	2025-05-13 16:00:00+00:00
AVAX/USDT	2025-05-14 04:45:00+00:00	B	4.731345633709943	0.08229520573801434	2025-05-14 04:00:00+00:00
ADA/USDT	2025-05-15 16:45:00+00:00	B	3.2416769704196446	0.055463891356771114	2025-05-15 16:00:00+00:00
BTC/USDT	2025-05-16 15:00:00+00:00	A	3.6804533704109264	0.018615101322393347	2025-05-16 12:00:00+00:00
ADA/USDT	2025-05-17 07:00:00+00:00	B	3.459064114367652	0.07025430259440017	2025-05-17 04:00:00+00:00
ETH/USDT	2025-05-18 08:15:00+00:00	B	4.633397197884717	0.10468302107913788	2025-05-18 08:00:00+00:00
BTC/USDT	2025-05-18 13:30:00+00:00	A	9.68051675925058	0.04890504010195669	2025-05-18 12:00:00+00:00
BTC/USDT	2025-05-18 23:45:00+00:00	B	4.17830859463617	0.04798887334334949	2025-05-18 20:00:00+00:00
BTC/USDT	2025-05-20 17:00:00+00:00	B	3.316080150339399	0.04358936611731185	2025-05-20 16:00:00+00:00
BNB/USDT	2025-05-21 03:00:00+00:00	A	3.0807112204039138	0.05599877731927249	2025-05-21 00:00:00+00:00
DOGE/USDT	2025-05-21 04:30:00+00:00	B	3.202714602357092	0.09118435850852157	2025-05-21 04:00:00+00:00
LINK/USDT	2025-05-21 11:00:00+00:00	B	8.690495703964622	0.07487623762376243	2025-05-21 08:00:00+00:00
BTC/USDT	2025-05-21 14:30:00+00:00	B	3.1835192498818117	0.053463889586040446	2025-05-21 12:00:00+00:00
SOL/USDT	2025-05-21 23:15:00+00:00	B	3.5349598863302925	0.04759988502443232	2025-05-21 20:00:00+00:00
AVAX/USDT	2025-05-22 10:00:00+00:00	B	20.76208556148922	0.05227181342983517	2025-05-22 08:00:00+00:00
SOL/USDT	2025-05-23 00:00:00+00:00	A	3.112431002587395	0.07995582551076763	2025-05-23 00:00:00+00:00
SOL/USDT	2025-05-23 08:30:00+00:00	B	3.26107070966719	0.08170829975825951	2025-05-23 08:00:00+00:00
AVAX/USDT	2025-05-25 22:00:00+00:00	A	4.253193082812523	0.05487269534679543	2025-05-25 20:00:00+00:00
BNB/USDT	2025-05-26 12:45:00+00:00	A	3.045015580816448	0.02638120320776498	2025-05-26 12:00:00+00:00
ETH/USDT	2025-05-27 06:00:00+00:00	B	16.144871012811173	0.056810272226302784	2025-05-27 04:00:00+00:00
LINK/USDT	2025-05-27 13:00:00+00:00	A	3.021136092333202	0.028089887640449396	2025-05-27 12:00:00+00:00
AVAX/USDT	2025-05-29 00:15:00+00:00	B	3.7100322511223207	0.09324894514767937	2025-05-29 00:00:00+00:00
BNB/USDT	2025-06-01 14:15:00+00:00	A	7.979905134090209	0.02168729940394323	2025-06-01 12:00:00+00:00
LINK/USDT	2025-06-01 16:00:00+00:00	B	4.283818285758223	0.03558718861209964	2025-06-01 16:00:00+00:00
LTC/USDT	2025-06-02 07:00:00+00:00	A	10.792698108064965	0.03588943379402584	2025-06-02 04:00:00+00:00
ETH/USDT	2025-06-02 13:30:00+00:00	A	3.307148608430086	0.061344490978868293	2025-06-02 12:00:00+00:00
ADA/USDT	2025-06-02 22:00:00+00:00	B	3.2135492999275312	0.04846901755913524	2025-06-02 20:00:00+00:00
BNB/USDT	2025-06-03 01:15:00+00:00	B	3.2300746636720357	0.024260082353465735	2025-06-03 00:00:00+00:00
XRP/USDT	2025-06-03 11:00:00+00:00	A	4.608356573388631	0.035369774919613975	2025-06-03 08:00:00+00:00
SOL/USDT	2025-06-03 14:45:00+00:00	A	3.800468778483446	0.05821435136956921	2025-06-03 12:00:00+00:00
ETH/USDT	2025-06-04 15:30:00+00:00	B	4.232684542860414	0.04384295508185674	2025-06-04 12:00:00+00:00
BNB/USDT	2025-06-05 08:00:00+00:00	A	4.843303256263604	0.06791506137442868	2025-06-05 08:00:00+00:00
BTC/USDT	2025-06-07 12:30:00+00:00	A	4.023289606494333	0.00886053849836094	2025-06-07 12:00:00+00:00
LINK/USDT	2025-06-07 22:30:00+00:00	A	3.357398908852568	0.03093525179856113	2025-06-07 20:00:00+00:00
ADA/USDT	2025-06-08 12:00:00+00:00	B	4.55476303541633	0.03456014362657093	2025-06-08 12:00:00+00:00
AVAX/USDT	2025-06-08 18:30:00+00:00	B	3.440992568678111	0.05990566037735847	2025-06-08 16:00:00+00:00
LINK/USDT	2025-06-09 09:30:00+00:00	A	5.060608929055895	0.06676342525399129	2025-06-09 08:00:00+00:00
ADA/USDT	2025-06-09 16:15:00+00:00	B	3.8234876200564214	0.05443873807776966	2025-06-09 16:00:00+00:00
DOGE/USDT	2025-06-09 21:00:00+00:00	A	9.56651640312254	0.04589562024652509	2025-06-09 20:00:00+00:00
LINK/USDT	2025-06-10 11:15:00+00:00	A	15.038642406871523	0.048225050234427254	2025-06-10 08:00:00+00:00
SOL/USDT	2025-06-10 18:45:00+00:00	A	17.16479680087126	0.03641354071363238	2025-06-10 16:00:00+00:00
DOGE/USDT	2025-06-10 23:15:00+00:00	B	3.1125598011529934	0.07836879432624105	2025-06-10 20:00:00+00:00
BNB/USDT	2025-06-11 06:15:00+00:00	A	4.382710769183747	0.015771602180323353	2025-06-11 04:00:00+00:00
XRP/USDT	2025-06-11 08:00:00+00:00	A	5.702926591258312	0.04613719974031586	2025-06-11 08:00:00+00:00
AVAX/USDT	2025-06-11 12:30:00+00:00	B	6.91615810776734	0.09042316258351898	2025-06-11 12:00:00+00:00
ADA/USDT	2025-06-15 14:45:00+00:00	B	3.2600990476002902	0.051811023622047134	2025-06-15 12:00:00+00:00
LINK/USDT	2025-06-15 22:00:00+00:00	B	3.269957941086834	0.07541478129713423	2025-06-15 20:00:00+00:00
AVAX/USDT	2025-06-16 01:45:00+00:00	B	4.9221068117631965	0.0672529746508019	2025-06-16 00:00:00+00:00
ETH/USDT	2025-06-16 07:00:00+00:00	B	3.24348641700609	0.059235264372535894	2025-06-16 04:00:00+00:00
ETH/USDT	2025-06-16 13:45:00+00:00	B	3.2060710831676085	0.059014480896050485	2025-06-16 12:00:00+00:00
XRP/USDT	2025-06-16 16:00:00+00:00	B	4.828917253591495	0.0746011953390378	2025-06-16 16:00:00+00:00
ETH/USDT	2025-06-20 07:15:00+00:00	A	4.65005470291622	0.07957191226727066	2025-06-20 04:00:00+00:00
SOL/USDT	2025-06-23 13:30:00+00:00	B	3.75258047991286	0.11931525971640569	2025-06-23 12:00:00+00:00
AVAX/USDT	2025-06-23 20:15:00+00:00	B	3.2177215730138324	0.0642978003384093	2025-06-23 20:00:00+00:00
LINK/USDT	2025-06-24 14:00:00+00:00	A	15.255369559242634	0.04487658937920715	2025-06-24 12:00:00+00:00
BNB/USDT	2025-06-25 01:30:00+00:00	A	5.480656572017104	0.016711840780608632	2025-06-25 00:00:00+00:00
SOL/USDT	2025-06-25 07:15:00+00:00	A	3.068506557088635	0.039025383466811454	2025-06-25 04:00:00+00:00
LTC/USDT	2025-06-25 13:15:00+00:00	B	4.917815448685638	0.02403000820536862	2025-06-25 12:00:00+00:00
ETH/USDT	2025-06-26 02:45:00+00:00	B	4.29315382517161	0.055504752737336	2025-06-26 00:00:00+00:00
AVAX/USDT	2025-06-27 16:30:00+00:00	B	5.997720499946618	0.046511627906976764	2025-06-27 16:00:00+00:00
XRP/USDT	2025-06-27 21:15:00+00:00	B	6.749423605290918	0.03793520759635083	2025-06-27 20:00:00+00:00
ADA/USDT	2025-06-28 06:45:00+00:00	A	4.569128341640793	0.023830695358349578	2025-06-28 04:00:00+00:00
LTC/USDT	2025-06-28 15:30:00+00:00	A	3.080857104952965	0.0180953485674516	2025-06-28 12:00:00+00:00
SOL/USDT	2025-06-28 17:45:00+00:00	B	3.6275177228255697	0.0209633962016166	2025-06-28 16:00:00+00:00
BTC/USDT	2025-06-29 00:45:00+00:00	A	3.522293560137396	0.015049603669361483	2025-06-29 00:00:00+00:00
BTC/USDT	2025-06-29 08:30:00+00:00	A	7.27660502294033	0.014300811158419706	2025-06-29 08:00:00+00:00
ADA/USDT	2025-06-29 22:00:00+00:00	A	3.3257407599019597	0.06065949567977426	2025-06-29 20:00:00+00:00
LINK/USDT	2025-06-30 14:00:00+00:00	A	3.1362894276187836	0.050262565641410344	2025-06-30 12:00:00+00:00
BNB/USDT	2025-06-30 16:45:00+00:00	B	5.229871005467496	0.02181243734240668	2025-06-30 16:00:00+00:00
DOGE/USDT	2025-07-02 14:00:00+00:00	A	10.546710741951955	0.08157490003075973	2025-07-02 12:00:00+00:00
BNB/USDT	2025-07-02 16:00:00+00:00	B	3.72830651437063	0.012281679952982981	2025-07-02 16:00:00+00:00
ETH/USDT	2025-07-03 13:30:00+00:00	B	3.37023231101013	0.0412336931859349	2025-07-03 12:00:00+00:00
AVAX/USDT	2025-07-04 01:30:00+00:00	A	6.103273650367304	0.07375734901122388	2025-07-04 00:00:00+00:00
SOL/USDT	2025-07-06 06:00:00+00:00	A	4.350139726836773	0.04807627290553781	2025-07-06 04:00:00+00:00
XRP/USDT	2025-07-06 08:30:00+00:00	B	10.617132428723652	0.02284874398717259	2025-07-06 08:00:00+00:00
AVAX/USDT	2025-07-06 12:30:00+00:00	A	3.682008916544227	0.03790412486064658	2025-07-06 12:00:00+00:00
AVAX/USDT	2025-07-06 22:00:00+00:00	B	7.221548358200063	0.04308023694130322	2025-07-06 20:00:00+00:00
LINK/USDT	2025-07-07 06:45:00+00:00	A	3.3842401375905253	0.03877103145574259	2025-07-07 04:00:00+00:00
XRP/USDT	2025-07-07 13:45:00+00:00	B	29.51821284502727	0.04488820617852875	2025-07-07 12:00:00+00:00
DOGE/USDT	2025-07-08 11:00:00+00:00	B	5.321622025737945	0.030808879517366525	2025-07-08 08:00:00+00:00
ETH/USDT	2025-07-08 17:00:00+00:00	B	11.26006310110725	0.032530931739752446	2025-07-08 16:00:00+00:00
AVAX/USDT	2025-07-09 05:30:00+00:00	B	9.917723465507342	0.0713128038897893	2025-07-09 04:00:00+00:00
LTC/USDT	2025-07-09 12:00:00+00:00	A	4.07746739225374	0.03967985570961556	2025-07-09 12:00:00+00:00
LTC/USDT	2025-07-09 18:00:00+00:00	A	5.02828119492199	0.05010672958094589	2025-07-09 16:00:00+00:00
DOGE/USDT	2025-07-09 20:30:00+00:00	B	15.964918599334814	0.04800615181808194	2025-07-09 20:00:00+00:00
AVAX/USDT	2025-07-10 12:45:00+00:00	A	5.4902519314375	0.09354346720894761	2025-07-10 12:00:00+00:00
XRP/USDT	2025-07-10 16:15:00+00:00	B	3.056452713879744	0.20694821233348176	2025-07-10 16:00:00+00:00
DOGE/USDT	2025-07-10 21:15:00+00:00	B	13.159382200486807	0.12147425815245882	2025-07-10 20:00:00+00:00
XRP/USDT	2025-07-11 12:45:00+00:00	B	3.348938513049409	0.11702285544672007	2025-07-11 12:00:00+00:00
AVAX/USDT	2025-07-13 01:45:00+00:00	B	3.640315791764726	0.04316888045540798	2025-07-13 00:00:00+00:00
BTC/USDT	2025-07-13 12:45:00+00:00	A	5.1511843929409356	0.042751834785346665	2025-07-13 12:00:00+00:00
AVAX/USDT	2025-07-13 18:45:00+00:00	B	8.247841361718608	0.05032317636195752	2025-07-13 16:00:00+00:00
BTC/USDT	2025-07-14 02:15:00+00:00	B	3.4617858736481373	0.04498320225117117	2025-07-14 00:00:00+00:00
BNB/USDT	2025-07-14 07:15:00+00:00	B	3.4979104012022733	0.045781798043197354	2025-07-14 04:00:00+00:00
DOGE/USDT	2025-07-16 00:30:00+00:00	B	3.7577364187527795	0.12511791867335287	2025-07-16 00:00:00+00:00
BNB/USDT	2025-07-16 14:30:00+00:00	B	3.4929432714083526	0.04475279884175976	2025-07-16 12:00:00+00:00
XRP/USDT	2025-07-16 17:15:00+00:00	B	7.333666676646337	0.10426853442579632	2025-07-16 16:00:00+00:00
ADA/USDT	2025-07-16 20:15:00+00:00	B	3.54950035934772	0.10958376156217889	2025-07-16 20:00:00+00:00
ADA/USDT	2025-07-17 09:00:00+00:00	B	7.840494934798525	0.13800451240912506	2025-07-17 08:00:00+00:00
XRP/USDT	2025-07-17 21:00:00+00:00	B	6.497099203660099	0.09195402298850568	2025-07-17 20:00:00+00:00
DOGE/USDT	2025-07-18 00:30:00+00:00	B	3.907846953545459	0.1364968039772726	2025-07-18 00:00:00+00:00
SOL/USDT	2025-07-18 05:00:00+00:00	B	6.864822174712512	0.062001627339300126	2025-07-18 04:00:00+00:00
LTC/USDT	2025-07-18 09:45:00+00:00	B	7.353263931564139	0.10175123484508306	2025-07-18 08:00:00+00:00
LTC/USDT	2025-07-19 19:00:00+00:00	B	3.5729244020744413	0.1542109256449166	2025-07-19 16:00:00+00:00
SOL/USDT	2025-07-20 01:00:00+00:00	B	8.786037262884491	0.037483266398929044	2025-07-20 00:00:00+00:00
ETH/USDT	2025-07-20 08:30:00+00:00	B	4.479002700745357	0.03859006958953513	2025-07-20 08:00:00+00:00
LINK/USDT	2025-07-20 15:30:00+00:00	B	12.989724507683787	0.07052896725440816	2025-07-20 12:00:00+00:00
DOGE/USDT	2025-07-20 16:00:00+00:00	B	13.847564418883076	0.10752442872894576	2025-07-20 16:00:00+00:00
BNB/USDT	2025-07-20 22:30:00+00:00	B	3.5568674202906663	0.04730681623678433	2025-07-20 20:00:00+00:00
XRP/USDT	2025-07-21 06:15:00+00:00	B	3.8759756492956527	0.06379402123665705	2025-07-21 04:00:00+00:00
ADA/USDT	2025-07-21 11:45:00+00:00	B	6.1969359408859	0.09323059988992845	2025-07-21 08:00:00+00:00
SOL/USDT	2025-07-22 01:15:00+00:00	B	4.470961996682734	0.06142198154833534	2025-07-22 00:00:00+00:00
BTC/USDT	2025-07-22 07:00:00+00:00	B	3.302983790896884	0.023328214771636494	2025-07-22 04:00:00+00:00
BTC/USDT	2025-07-22 18:45:00+00:00	B	4.134110710345338	0.024611285261483238	2025-07-22 16:00:00+00:00
BNB/USDT	2025-07-22 23:15:00+00:00	B	4.45640264914921	0.0730977014423322	2025-07-22 20:00:00+00:00
ETH/USDT	2025-07-24 14:30:00+00:00	B	3.750069742575541	0.053463441078809994	2025-07-24 12:00:00+00:00
AVAX/USDT	2025-07-26 18:30:00+00:00	B	4.264906526899858	0.040824415378517685	2025-07-26 16:00:00+00:00
XRP/USDT	2025-07-27 05:15:00+00:00	B	4.118108787368985	0.04139723399647299	2025-07-27 04:00:00+00:00
ETH/USDT	2025-07-27 10:30:00+00:00	A	3.817140439847957	0.03913644358824021	2025-07-27 08:00:00+00:00
BNB/USDT	2025-07-27 15:45:00+00:00	B	27.05970963564027	0.05957201403715437	2025-07-27 12:00:00+00:00
XRP/USDT	2025-07-27 16:00:00+00:00	B	6.899600129757928	0.059101214323426236	2025-07-27 16:00:00+00:00
SOL/USDT	2025-07-27 22:00:00+00:00	B	3.9802347938847427	0.06641076874539907	2025-07-27 20:00:00+00:00
ADA/USDT	2025-07-28 00:15:00+00:00	B	3.2774499088430535	0.08308570070129556	2025-07-28 00:00:00+00:00
DOGE/USDT	2025-07-28 05:15:00+00:00	B	3.4483062961109945	0.10600621193174942	2025-07-28 04:00:00+00:00
BTC/USDT	2025-07-30 14:45:00+00:00	B	4.12051231849944	0.026333968892555962	2025-07-30 12:00:00+00:00
SOL/USDT	2025-08-03 23:00:00+00:00	A	3.2565110800052612	0.052531217321769214	2025-08-03 20:00:00+00:00
ADA/USDT	2025-08-04 07:45:00+00:00	A	3.063950594387978	0.03520841764467829	2025-08-04 04:00:00+00:00
LTC/USDT	2025-08-04 09:15:00+00:00	B	8.624069769113918	0.13155326887252738	2025-08-04 08:00:00+00:00
ETH/USDT	2025-08-04 13:30:00+00:00	A	7.675478304101819	0.039905615123762325	2025-08-04 12:00:00+00:00
SOL/USDT	2025-08-04 17:00:00+00:00	B	4.510078081532448	0.05301645338208398	2025-08-04 16:00:00+00:00
AVAX/USDT	2025-08-04 21:30:00+00:00	B	3.8045275352737393	0.065910082933217	2025-08-04 20:00:00+00:00
LTC/USDT	2025-08-05 02:00:00+00:00	B	11.172953171626585	0.09173337689919939	2025-08-05 00:00:00+00:00
SOL/USDT	2025-08-06 14:00:00+00:00	A	3.084526914565848	0.05752694683299019	2025-08-06 12:00:00+00:00
ETH/USDT	2025-08-07 01:15:00+00:00	A	3.3362147974086667	0.07806906078093338	2025-08-07 00:00:00+00:00
LTC/USDT	2025-08-07 04:15:00+00:00	B	6.795018841751008	0.05758818703855616	2025-08-07 04:00:00+00:00
DOGE/USDT	2025-08-07 10:00:00+00:00	A	15.957340408134797	0.08371116307927266	2025-08-07 08:00:00+00:00
LINK/USDT	2025-08-07 13:00:00+00:00	B	7.726613529229776	0.11267605633802817	2025-08-07 12:00:00+00:00
XRP/USDT	2025-08-07 21:15:00+00:00	B	7.173420492353326	0.06583003082342576	2025-08-07 20:00:00+00:00
ETH/USDT	2025-08-08 03:15:00+00:00	A	5.002652093841404	0.04720659718268517	2025-08-08 00:00:00+00:00
BNB/USDT	2025-08-08 13:45:00+00:00	A	4.074896232680308	0.0475758263368883	2025-08-08 12:00:00+00:00
SOL/USDT	2025-08-09 05:00:00+00:00	A	5.21516346940205	0.04029527668313271	2025-08-09 04:00:00+00:00
BTC/USDT	2025-08-09 09:45:00+00:00	B	3.5295227076852917	0.020269444009732927	2025-08-09 08:00:00+00:00
DOGE/USDT	2025-08-09 12:15:00+00:00	A	5.542378860743669	0.07135806531216585	2025-08-09 12:00:00+00:00
DOGE/USDT	2025-08-09 17:30:00+00:00	B	3.428614879749652	0.07068937418513692	2025-08-09 16:00:00+00:00
SOL/USDT	2025-08-10 01:30:00+00:00	B	3.992162752556372	0.047007156798959095	2025-08-10 00:00:00+00:00
LINK/USDT	2025-08-10 06:45:00+00:00	B	3.981633564404552	0.0685840707964602	2025-08-10 04:00:00+00:00
LTC/USDT	2025-08-10 14:30:00+00:00	B	12.327944770447052	0.04889425010052282	2025-08-10 12:00:00+00:00
ETH/USDT	2025-08-11 01:30:00+00:00	B	3.175178971106884	0.0463395277169271	2025-08-11 00:00:00+00:00
XRP/USDT	2025-08-11 08:15:00+00:00	A	9.18726616838762	0.0660573703737218	2025-08-11 08:00:00+00:00
AVAX/USDT	2025-08-11 16:00:00+00:00	B	3.1847065128488072	0.06897993311036797	2025-08-11 16:00:00+00:00
ADA/USDT	2025-08-12 12:30:00+00:00	B	11.23102985611682	0.13064312736443873	2025-08-12 12:00:00+00:00
XRP/USDT	2025-08-12 20:15:00+00:00	B	5.706376255146437	0.04022482150994989	2025-08-12 20:00:00+00:00
SOL/USDT	2025-08-13 02:30:00+00:00	B	3.121786933687165	0.05565711964249446	2025-08-13 00:00:00+00:00
BNB/USDT	2025-08-13 07:00:00+00:00	B	17.579630047771964	0.0329892069450962	2025-08-13 04:00:00+00:00
XRP/USDT	2025-08-13 13:15:00+00:00	A	7.456930381276923	0.108186958614052	2025-08-13 12:00:00+00:00
ADA/USDT	2025-08-14 00:00:00+00:00	B	5.900316292471993	0.15217157021230748	2025-08-14 00:00:00+00:00
BNB/USDT	2025-08-14 06:30:00+00:00	B	4.994585736821773	0.056483442712131154	2025-08-14 04:00:00+00:00
LINK/USDT	2025-08-16 15:00:00+00:00	B	4.7722157063641	0.1712732215677389	2025-08-16 12:00:00+00:00
LINK/USDT	2025-08-17 03:30:00+00:00	B	3.006459253243001	0.13936535162950256	2025-08-17 00:00:00+00:00
BTC/USDT	2025-08-17 04:45:00+00:00	B	4.901758629992521	0.030277081451955016	2025-08-17 04:00:00+00:00
XRP/USDT	2025-08-17 15:30:00+00:00	A	5.303280497962029	0.0659249577608468	2025-08-17 12:00:00+00:00
LINK/USDT	2025-08-20 14:30:00+00:00	B	4.767137781825004	0.06004709576138152	2025-08-20 12:00:00+00:00
BNB/USDT	2025-08-20 19:00:00+00:00	B	9.671147101024363	0.05460600364349458	2025-08-20 16:00:00+00:00
SOL/USDT	2025-08-21 03:00:00+00:00	A	5.006284230392956	0.05267054468535156	2025-08-21 00:00:00+00:00
ADA/USDT	2025-08-22 14:00:00+00:00	B	51.586148311057705	0.07088972709119143	2025-08-22 12:00:00+00:00
XRP/USDT	2025-08-24 01:45:00+00:00	B	4.681938762539985	0.050234252993232795	2025-08-24 00:00:00+00:00
ADA/USDT	2025-08-24 14:45:00+00:00	A	3.158808706599217	0.12135006106361726	2025-08-24 12:00:00+00:00
ETH/USDT	2025-08-24 17:00:00+00:00	B	4.077247938050525	0.08965614910809756	2025-08-24 16:00:00+00:00
ETH/USDT	2025-08-26 12:30:00+00:00	A	4.174926994081778	0.04655751953384843	2025-08-26 12:00:00+00:00
SOL/USDT	2025-08-27 02:15:00+00:00	B	3.4642967768666746	0.07656226357996675	2025-08-27 00:00:00+00:00
ETH/USDT	2025-08-27 13:30:00+00:00	A	3.921862424478633	0.042429482330055154	2025-08-27 12:00:00+00:00
SOL/USDT	2025-08-28 08:00:00+00:00	B	5.091548394234873	0.05023191094619672	2025-08-28 08:00:00+00:00
LINK/USDT	2025-08-28 13:30:00+00:00	A	5.583778858341472	0.11659192825112105	2025-08-28 12:00:00+00:00
ADA/USDT	2025-08-29 12:30:00+00:00	A	7.500579550135506	0.046633983020447245	2025-08-29 12:00:00+00:00
LTC/USDT	2025-08-31 09:15:00+00:00	A	12.278555331975916	0.04144660281084961	2025-08-31 08:00:00+00:00
ADA/USDT	2025-09-01 07:15:00+00:00	A	17.404284405667106	0.07711019216735575	2025-09-01 04:00:00+00:00
BTC/USDT	2025-09-02 02:45:00+00:00	B	4.2578015039207	0.03073870882039184	2025-09-02 00:00:00+00:00
BTC/USDT	2025-09-02 14:15:00+00:00	B	3.256439683742449	0.015434519809906106	2025-09-02 12:00:00+00:00
BTC/USDT	2025-09-03 14:30:00+00:00	A	3.908664461833106	0.025514689846250813	2025-09-03 12:00:00+00:00
LTC/USDT	2025-09-04 20:00:00+00:00	A	3.3024985639660795	0.044881675582555104	2025-09-04 20:00:00+00:00
BNB/USDT	2025-09-06 03:30:00+00:00	B	3.009253923416017	0.01426958576300382	2025-09-06 00:00:00+00:00
DOGE/USDT	2025-09-06 23:15:00+00:00	B	4.008949567927715	0.06223856584693173	2025-09-06 20:00:00+00:00
LTC/USDT	2025-09-07 05:45:00+00:00	A	4.273407702094757	0.025004402183483036	2025-09-07 04:00:00+00:00
BNB/USDT	2025-09-07 08:00:00+00:00	A	5.015972042852896	0.018748852579401544	2025-09-07 08:00:00+00:00
ADA/USDT	2025-09-07 12:15:00+00:00	A	3.4189067163611293	0.04025880661394689	2025-09-07 12:00:00+00:00
SOL/USDT	2025-09-07 22:45:00+00:00	B	5.7081793108438585	0.055625301786576584	2025-09-07 20:00:00+00:00
DOGE/USDT	2025-09-08 02:45:00+00:00	B	3.2689211258132747	0.05883112967828074	2025-09-08 00:00:00+00:00
BTC/USDT	2025-09-08 07:15:00+00:00	A	4.397416151273656	0.01918345390778346	2025-09-08 04:00:00+00:00
LINK/USDT	2025-09-08 09:00:00+00:00	A	6.4727812617082625	0.045754509458865056	2025-09-08 08:00:00+00:00
BTC/USDT	2025-09-08 13:00:00+00:00	B	3.388873416038493	0.019427836336443217	2025-09-08 12:00:00+00:00
LINK/USDT	2025-09-09 06:00:00+00:00	B	3.4426886411802173	0.042020373514431324	2025-09-09 04:00:00+00:00
DOGE/USDT	2025-09-09 12:00:00+00:00	A	5.0886395486580085	0.054150598741627726	2025-09-09 12:00:00+00:00
XRP/USDT	2025-09-10 12:30:00+00:00	A	8.12197832399951	0.02812906670225909	2025-09-10 12:00:00+00:00
DOGE/USDT	2025-09-10 16:45:00+00:00	B	4.473659988783972	0.06754032258064512	2025-09-10 16:00:00+00:00
DOGE/USDT	2025-09-11 03:15:00+00:00	B	5.782426046990791	0.08872216267714651	2025-09-11 00:00:00+00:00
XRP/USDT	2025-09-11 09:15:00+00:00	A	3.011405285782947	0.040422721268163896	2025-09-11 08:00:00+00:00
LINK/USDT	2025-09-11 12:00:00+00:00	A	5.835103785852746	0.06312292358803985	2025-09-11 12:00:00+00:00
BTC/USDT	2025-09-11 22:15:00+00:00	A	3.311039326920749	0.016731102878931255	2025-09-11 20:00:00+00:00
SOL/USDT	2025-09-12 00:30:00+00:00	B	3.448389059994417	0.05436042766971531	2025-09-12 00:00:00+00:00
BNB/USDT	2025-09-12 17:15:00+00:00	A	14.04055942264593	0.0318172391586714	2025-09-12 16:00:00+00:00
XRP/USDT	2025-09-12 20:45:00+00:00	B	5.335297198366953	0.032211584643463236	2025-09-12 20:00:00+00:00
ADA/USDT	2025-09-13 00:00:00+00:00	B	6.646959200909006	0.04297001840025972	2025-09-13 00:00:00+00:00
LTC/USDT	2025-09-13 08:00:00+00:00	B	3.005909425089109	0.042480387247538005	2025-09-13 08:00:00+00:00
DOGE/USDT	2025-09-13 13:15:00+00:00	B	3.630466781738199	0.08340445086325737	2025-09-13 12:00:00+00:00
SOL/USDT	2025-09-14 01:45:00+00:00	B	4.348385322568894	0.042515968916554736	2025-09-14 00:00:00+00:00
BTC/USDT	2025-09-15 04:15:00+00:00	B	7.284745107385715	0.020472059746242017	2025-09-15 04:00:00+00:00
SOL/USDT	2025-09-16 15:45:00+00:00	B	6.228227129652698	0.03259178266537702	2025-09-16 12:00:00+00:00
BNB/USDT	2025-09-16 17:00:00+00:00	B	17.387056680120747	0.01779434371512201	2025-09-16 16:00:00+00:00
BTC/USDT	2025-09-17 05:45:00+00:00	B	4.548414403308028	0.027113278905081896	2025-09-17 04:00:00+00:00
DOGE/USDT	2025-09-17 17:30:00+00:00	B	5.163124322585233	0.10525142984475963	2025-09-17 16:00:00+00:00
BNB/USDT	2025-09-18 08:00:00+00:00	B	6.491690255105795	0.027296818027854688	2025-09-18 08:00:00+00:00
AVAX/USDT	2025-09-18 17:00:00+00:00	B	4.517091582056535	0.067986993792492	2025-09-18 16:00:00+00:00
BNB/USDT	2025-09-20 08:30:00+00:00	B	3.6336601689736643	0.08944832882833467	2025-09-20 08:00:00+00:00
BNB/USDT	2025-09-20 21:30:00+00:00	B	5.446827490400518	0.04750710063713824	2025-09-20 20:00:00+00:00
BNB/USDT	2025-09-21 01:45:00+00:00	B	4.6049302496553075	0.05466942765465276	2025-09-21 00:00:00+00:00
LTC/USDT	2025-09-21 10:00:00+00:00	B	5.5010992538136145	0.12034087974520104	2025-09-21 08:00:00+00:00
AVAX/USDT	2025-09-23 03:30:00+00:00	B	6.353869068199411	0.08062678062678058	2025-09-23 00:00:00+00:00
XRP/USDT	2025-09-24 19:45:00+00:00	B	5.842479181563402	0.08571524535653104	2025-09-24 16:00:00+00:00
AVAX/USDT	2025-09-28 13:45:00+00:00	B	6.1281718683972715	0.05570934256055362	2025-09-28 12:00:00+00:00
LINK/USDT	2025-09-28 16:00:00+00:00	B	6.185577982320237	0.03826169107227219	2025-09-28 16:00:00+00:00
SOL/USDT	2025-09-28 22:00:00+00:00	B	6.10716754206726	0.04865434345369216	2025-09-28 20:00:00+00:00
DOGE/USDT	2025-09-29 13:30:00+00:00	B	11.638705238831298	0.04459581030715847	2025-09-29 12:00:00+00:00
BTC/USDT	2025-10-01 08:15:00+00:00	B	8.185159206906267	0.0379451458000368	2025-10-01 08:00:00+00:00
LTC/USDT	2025-10-01 22:45:00+00:00	B	6.942244572734278	0.07609925990422285	2025-10-01 20:00:00+00:00
BNB/USDT	2025-10-02 06:30:00+00:00	B	3.6151069922600234	0.07617313565118558	2025-10-02 04:00:00+00:00
ADA/USDT	2025-10-02 16:00:00+00:00	B	3.698194241082189	0.04476744186046522	2025-10-02 16:00:00+00:00
BNB/USDT	2025-10-02 20:30:00+00:00	B	5.501329603547389	0.09318642817628635	2025-10-02 20:00:00+00:00
BNB/USDT	2025-10-03 03:00:00+00:00	B	6.2719163470076476	0.0981753738765621	2025-10-03 00:00:00+00:00
BNB/USDT	2025-10-03 13:15:00+00:00	B	8.208457637887705	0.0648416513502051	2025-10-03 12:00:00+00:00
LTC/USDT	2025-10-03 17:15:00+00:00	B	5.389607438301698	0.06099360550909983	2025-10-03 16:00:00+00:00
BTC/USDT	2025-10-05 02:15:00+00:00	A	5.0355511776443915	0.02773041574338166	2025-10-05 00:00:00+00:00
AVAX/USDT	2025-10-05 04:45:00+00:00	B	4.110225177813837	0.051165803108808354	2025-10-05 04:00:00+00:00
AVAX/USDT	2025-10-05 23:45:00+00:00	A	7.174579302661863	0.03624875290987695	2025-10-05 20:00:00+00:00
BNB/USDT	2025-10-06 01:15:00+00:00	B	3.1226112598220324	0.05776905905431928	2025-10-06 00:00:00+00:00
BNB/USDT	2025-10-06 06:00:00+00:00	B	10.574660666654191	0.05645550251966679	2025-10-06 04:00:00+00:00
BNB/USDT	2025-10-06 12:00:00+00:00	B	3.2409754861236433	0.11797068990700628	2025-10-06 12:00:00+00:00
BTC/USDT	2025-10-06 18:45:00+00:00	B	5.958562908385827	0.04412124384518901	2025-10-06 16:00:00+00:00
LINK/USDT	2025-10-07 01:00:00+00:00	A	3.184166872850197	0.08216857263871247	2025-10-07 00:00:00+00:00
BNB/USDT	2025-10-07 05:15:00+00:00	B	3.016116701153506	0.09380774491844716	2025-10-07 04:00:00+00:00
BNB/USDT	2025-10-07 10:30:00+00:00	B	3.644100546974647	0.06912699211281992	2025-10-07 08:00:00+00:00
LTC/USDT	2025-10-08 16:45:00+00:00	B	4.152526330026078	0.038755736868944436	2025-10-08 16:00:00+00:00
LTC/USDT	2025-10-09 00:45:00+00:00	A	5.16639978918416	0.1191056568882913	2025-10-09 00:00:00+00:00
BTC/USDT	2025-10-09 12:30:00+00:00	B	5.1243010166604925	0.03243180285294582	2025-10-09 12:00:00+00:00
LTC/USDT	2025-10-10 03:15:00+00:00	B	3.5489096853865614	0.6318185266671724	2025-10-10 00:00:00+00:00
SOL/USDT	2025-10-10 13:30:00+00:00	B	3.814917445032525	0.24831495781814933	2025-10-10 12:00:00+00:00
BNB/USDT	2025-10-12 08:30:00+00:00	B	8.516825604210178	0.17624913284039181	2025-10-12 08:00:00+00:00
LINK/USDT	2025-10-12 14:45:00+00:00	B	16.329792041829407	0.10523385300668155	2025-10-12 12:00:00+00:00
SOL/USDT	2025-10-13 16:45:00+00:00	B	4.062053082980995	0.10107978404319136	2025-10-13 16:00:00+00:00
XRP/USDT	2025-10-17 01:00:00+00:00	B	4.661342631723355	0.0803338110090196	2025-10-17 00:00:00+00:00
BTC/USDT	2025-10-19 09:45:00+00:00	B	15.179241591698363	0.04357184310419581	2025-10-19 08:00:00+00:00
ETH/USDT	2025-10-19 13:45:00+00:00	B	3.0661263347083008	0.0444511017740665	2025-10-19 12:00:00+00:00
SOL/USDT	2025-10-20 03:45:00+00:00	B	3.0505948687770537	0.04806233983578263	2025-10-20 00:00:00+00:00
LINK/USDT	2025-10-20 06:15:00+00:00	B	12.59089458222355	0.08310700706137975	2025-10-20 04:00:00+00:00
XRP/USDT	2025-10-20 19:30:00+00:00	B	5.688478051469878	0.060240485733560924	2025-10-20 16:00:00+00:00
BTC/USDT	2025-10-21 10:45:00+00:00	A	3.1539323618766106	0.05889424805040684	2025-10-21 08:00:00+00:00
BNB/USDT	2025-10-21 14:45:00+00:00	B	3.3831425779802964	0.056381654842899774	2025-10-21 12:00:00+00:00
LTC/USDT	2025-10-22 16:45:00+00:00	B	3.259144237293839	0.053630100688924244	2025-10-22 16:00:00+00:00
BNB/USDT	2025-10-23 08:00:00+00:00	B	3.6712649570704343	0.0760743632247831	2025-10-23 08:00:00+00:00
BNB/USDT	2025-10-23 15:00:00+00:00	B	16.585312891927742	0.051078940180278636	2025-10-23 12:00:00+00:00
ADA/USDT	2025-10-24 12:30:00+00:00	A	17.121455518502643	0.02587125247298739	2025-10-24 12:00:00+00:00
DOGE/USDT	2025-10-25 01:00:00+00:00	A	3.1528217413804547	0.020737907082096	2025-10-25 00:00:00+00:00
ETH/USDT	2025-10-25 18:30:00+00:00	A	7.323287796425377	0.04543194295450249	2025-10-25 16:00:00+00:00
AVAX/USDT	2025-10-26 08:00:00+00:00	B	17.97368067799323	0.061285500747384175	2025-10-26 08:00:00+00:00
AVAX/USDT	2025-10-26 13:00:00+00:00	B	4.060619905757924	0.04880429477794046	2025-10-26 12:00:00+00:00
LTC/USDT	2025-10-26 22:00:00+00:00	A	7.785614665027921	0.04918848949517074	2025-10-26 20:00:00+00:00
BNB/USDT	2025-10-27 02:00:00+00:00	B	6.670781652667431	0.044097745981123	2025-10-27 00:00:00+00:00
XRP/USDT	2025-10-27 15:00:00+00:00	A	5.208336142827693	0.035329048746570405	2025-10-27 12:00:00+00:00
XRP/USDT	2025-10-28 13:00:00+00:00	B	3.8547301448861746	0.04467981949054568	2025-10-28 12:00:00+00:00
BNB/USDT	2025-10-30 10:15:00+00:00	A	4.405192930744421	0.0726757107551162	2025-10-30 08:00:00+00:00
LINK/USDT	2025-10-31 01:00:00+00:00	B	3.4958115541989616	0.04068396226415102	2025-10-31 00:00:00+00:00
BTC/USDT	2025-10-31 14:45:00+00:00	B	7.253216649757054	0.02306161902133168	2025-10-31 12:00:00+00:00
LTC/USDT	2025-11-01 06:45:00+00:00	A	11.451462943499873	0.07069776959279718	2025-11-01 04:00:00+00:00
LTC/USDT	2025-11-01 15:00:00+00:00	A	3.6251426343538746	0.05801327166700177	2025-11-01 12:00:00+00:00
BTC/USDT	2025-11-02 04:00:00+00:00	A	3.917616990898226	0.033931581241599666	2025-11-02 04:00:00+00:00
XRP/USDT	2025-11-02 11:30:00+00:00	A	11.588853822260536	0.06733147501079659	2025-11-02 08:00:00+00:00
ETH/USDT	2025-11-02 23:30:00+00:00	A	3.4737780336401536	0.09162847211541415	2025-11-02 20:00:00+00:00
SOL/USDT	2025-11-06 13:15:00+00:00	B	4.4382753357587434	0.06583773702207027	2025-11-06 12:00:00+00:00
LINK/USDT	2025-11-07 15:00:00+00:00	B	3.0294228482218997	0.09230769230769237	2025-11-07 12:00:00+00:00
ADA/USDT	2025-11-07 16:15:00+00:00	B	6.113862056183666	0.07040487280544608	2025-11-07 16:00:00+00:00
LTC/USDT	2025-11-08 18:00:00+00:00	B	5.992469870787171	0.1112545942187345	2025-11-08 16:00:00+00:00
LTC/USDT	2025-11-09 10:45:00+00:00	B	5.593070698577861	0.12047393364928904	2025-11-09 08:00:00+00:00
ETH/USDT	2025-11-09 12:15:00+00:00	B	5.232217160390626	0.0635313914355344	2025-11-09 12:00:00+00:00
BTC/USDT	2025-11-09 18:45:00+00:00	B	3.288704636180827	0.024987597195172108	2025-11-09 16:00:00+00:00
XRP/USDT	2025-11-09 23:00:00+00:00	B	7.254178726526811	0.099058396318034	2025-11-09 20:00:00+00:00
XRP/USDT	2025-11-10 03:30:00+00:00	B	5.362076396543808	0.057027463651050075	2025-11-10 00:00:00+00:00
BNB/USDT	2025-11-11 01:15:00+00:00	B	3.725561831693021	0.05291696153577804	2025-11-11 00:00:00+00:00
LINK/USDT	2025-11-12 08:30:00+00:00	A	3.635904927480784	0.0850383631713555	2025-11-12 08:00:00+00:00
BNB/USDT	2025-11-14 14:30:00+00:00	B	4.624207772022967	0.03370106646209041	2025-11-14 12:00:00+00:00
ETH/USDT	2025-11-15 17:45:00+00:00	B	8.05466753114527	0.06936257966587765	2025-11-15 16:00:00+00:00
BNB/USDT	2025-11-16 09:45:00+00:00	A	4.032472059603928	0.04382176340461395	2025-11-16 08:00:00+00:00
LTC/USDT	2025-11-18 03:30:00+00:00	B	3.9811054187060857	0.05991179950521666	2025-11-18 00:00:00+00:00
LINK/USDT	2025-11-18 15:15:00+00:00	B	3.3910657732008476	0.06409322651128921	2025-11-18 12:00:00+00:00
ADA/USDT	2025-11-19 21:15:00+00:00	B	6.288855188074435	0.09540558364475707	2025-11-19 20:00:00+00:00
BNB/USDT	2025-11-20 02:00:00+00:00	B	3.162640388954742	0.055256863218416045	2025-11-20 00:00:00+00:00
AVAX/USDT	2025-11-22 22:45:00+00:00	A	5.144756898657384	0.0202854996243427	2025-11-22 20:00:00+00:00
SOL/USDT	2025-11-23 01:30:00+00:00	B	3.4672452723480767	0.041933740057147104	2025-11-23 00:00:00+00:00
ADA/USDT	2025-11-23 12:00:00+00:00	B	5.176901095050372	0.04303675048355895	2025-11-23 12:00:00+00:00
DOGE/USDT	2025-11-24 02:00:00+00:00	B	4.1013333546233	0.07541824069077169	2025-11-24 00:00:00+00:00
BNB/USDT	2025-11-24 05:00:00+00:00	B	3.1249893976284415	0.054091004697468935	2025-11-24 04:00:00+00:00
XRP/USDT	2025-11-24 13:00:00+00:00	B	5.3853607312148775	0.11346227499042517	2025-11-24 12:00:00+00:00
AVAX/USDT	2025-11-24 17:15:00+00:00	B	4.312708491453531	0.02545454545454556	2025-11-24 16:00:00+00:00
DOGE/USDT	2025-11-25 23:00:00+00:00	B	4.876386280524414	0.052913813154154304	2025-11-25 20:00:00+00:00
BNB/USDT	2025-11-26 17:00:00+00:00	B	6.722765884495511	0.033713888160220876	2025-11-26 16:00:00+00:00
XRP/USDT	2025-11-28 08:45:00+00:00	B	9.339919314491313	0.052906043858085235	2025-11-28 08:00:00+00:00
BNB/USDT	2025-11-28 13:45:00+00:00	A	4.131501330907205	0.03479924794464157	2025-11-28 12:00:00+00:00
ADA/USDT	2025-11-30 03:30:00+00:00	A	4.461108779917099	0.10377809660449544	2025-11-30 00:00:00+00:00
BTC/USDT	2025-11-30 08:15:00+00:00	A	6.902645217730741	0.07016122247073077	2025-11-30 08:00:00+00:00
LINK/USDT	2025-11-30 13:15:00+00:00	A	4.709061386188763	0.11219879518072291	2025-11-30 12:00:00+00:00
LINK/USDT	2025-12-02 13:15:00+00:00	B	4.270514308730104	0.18299595141700403	2025-12-02 12:00:00+00:00
BNB/USDT	2025-12-03 05:45:00+00:00	B	3.3445007265778472	0.044854734974495505	2025-12-03 04:00:00+00:00
ETH/USDT	2025-12-03 14:30:00+00:00	B	4.784149837825874	0.058666317557427405	2025-12-03 12:00:00+00:00
ETH/USDT	2025-12-04 15:30:00+00:00	B	3.132450210615783	0.04934657703422814	2025-12-04 12:00:00+00:00
XRP/USDT	2025-12-05 15:00:00+00:00	A	4.9522630290368355	0.03977572243254888	2025-12-05 12:00:00+00:00
LTC/USDT	2025-12-06 18:00:00+00:00	A	11.242905976424934	0.04117432086734084	2025-12-06 16:00:00+00:00
BTC/USDT	2025-12-07 17:15:00+00:00	B	4.340208790984057	0.03628393000257586	2025-12-07 16:00:00+00:00
ADA/USDT	2025-12-08 14:30:00+00:00	B	3.737395490050049	0.0717539863325741	2025-12-08 12:00:00+00:00
AVAX/USDT	2025-12-09 15:00:00+00:00	B	3.5046269779121797	0.07585703865791399	2025-12-09 12:00:00+00:00
ADA/USDT	2025-12-09 16:00:00+00:00	B	3.7160553717996954	0.05441176470588243	2025-12-09 16:00:00+00:00
ETH/USDT	2025-12-10 18:30:00+00:00	B	10.010903671598378	0.08902926981620178	2025-12-10 16:00:00+00:00
AVAX/USDT	2025-12-10 20:00:00+00:00	B	3.6073996581215977	0.1314363143631436	2025-12-10 20:00:00+00:00
BTC/USDT	2025-12-11 21:00:00+00:00	B	4.600928343482802	0.04407244536639073	2025-12-11 20:00:00+00:00
BNB/USDT	2025-12-13 15:00:00+00:00	A	4.898776688017125	0.022682753094114497	2025-12-13 12:00:00+00:00
AVAX/USDT	2025-12-15 01:30:00+00:00	B	3.3413242504980265	0.09035222052067379	2025-12-15 00:00:00+00:00
LTC/USDT	2025-12-16 15:45:00+00:00	B	15.21272832509616	0.03952668680765358	2025-12-16 12:00:00+00:00
LTC/USDT	2025-12-17 14:45:00+00:00	B	3.9555056656462964	0.07782343419250405	2025-12-17 12:00:00+00:00
BTC/USDT	2025-12-18 13:30:00+00:00	B	3.580084350679892	0.05663984321637168	2025-12-18 12:00:00+00:00
XRP/USDT	2025-12-19 03:15:00+00:00	B	3.8213256277527905	0.051917019658955094	2025-12-19 00:00:00+00:00
BNB/USDT	2025-12-19 07:00:00+00:00	B	3.8598559856408583	0.023783707335470562	2025-12-19 04:00:00+00:00
ADA/USDT	2025-12-21 08:30:00+00:00	A	3.507683971450044	0.047913862718708046	2025-12-21 08:00:00+00:00
AVAX/USDT	2025-12-22 00:00:00+00:00	B	5.9334092862556345	0.03571428571428567	2025-12-22 00:00:00+00:00
BNB/USDT	2025-12-22 08:00:00+00:00	A	3.756283345893232	0.0277565217391305	2025-12-22 08:00:00+00:00
BNB/USDT	2025-12-24 16:30:00+00:00	A	3.0859435118382734	0.017627351398704864	2025-12-24 16:00:00+00:00
LTC/USDT	2025-12-25 15:15:00+00:00	A	4.345611032355786	0.03437052467126677	2025-12-25 12:00:00+00:00
LTC/USDT	2025-12-26 02:15:00+00:00	B	7.801251930983627	0.03251193394400717	2025-12-26 00:00:00+00:00
AVAX/USDT	2025-12-27 15:45:00+00:00	A	5.606568873470286	0.03187250996015939	2025-12-27 12:00:00+00:00
ADA/USDT	2025-12-27 20:00:00+00:00	A	25.19475372519329	0.04410143329658218	2025-12-27 20:00:00+00:00
BNB/USDT	2025-12-28 11:00:00+00:00	B	9.908289920475612	0.028778242383780236	2025-12-28 08:00:00+00:00
SOL/USDT	2025-12-28 22:45:00+00:00	B	4.379566583237356	0.06278171281390854	2025-12-28 20:00:00+00:00
DOGE/USDT	2025-12-29 01:30:00+00:00	B	5.995685835438677	0.045939490445859855	2025-12-29 00:00:00+00:00
LINK/USDT	2025-12-30 08:00:00+00:00	A	3.3485863842605212	0.02161729383506802	2025-12-30 08:00:00+00:00
XRP/USDT	2025-12-30 14:45:00+00:00	A	4.332491544508534	0.011956869862282468	2025-12-30 12:00:00+00:00
BNB/USDT	2025-12-31 05:30:00+00:00	A	4.572849112416826	0.02246865847870625	2025-12-31 04:00:00+00:00
XRP/USDT	2025-12-31 11:30:00+00:00	A	5.098075015719526	0.03760438274559863	2025-12-31 08:00:00+00:00
ETH/USDT	2025-12-31 14:00:00+00:00	B	4.145763940035307	0.019689060748562484	2025-12-31 12:00:00+00:00
LTC/USDT	2026-01-01 15:30:00+00:00	B	3.8204975320335244	0.03328252032520331	2026-01-01 12:00:00+00:00
AVAX/USDT	2026-01-01 17:00:00+00:00	B	3.0803598967148176	0.10150674068199837	2026-01-01 16:00:00+00:00
BTC/USDT	2026-01-01 22:00:00+00:00	A	4.188295106385802	0.02916901416565707	2026-01-01 20:00:00+00:00
LINK/USDT	2026-01-02 03:00:00+00:00	B	4.52974652610151	0.0557299843014128	2026-01-02 00:00:00+00:00
BTC/USDT	2026-01-02 09:45:00+00:00	B	5.921269462086811	0.027963841992808	2026-01-02 08:00:00+00:00
XRP/USDT	2026-01-02 14:30:00+00:00	B	5.509144436865051	0.0825120570350177	2026-01-02 12:00:00+00:00
BTC/USDT	2026-01-02 16:15:00+00:00	B	3.915988340806926	0.01829753425235565	2026-01-02 16:00:00+00:00
AVAX/USDT	2026-01-03 03:30:00+00:00	B	13.060774033385554	0.05126404494382025	2026-01-03 00:00:00+00:00
BTC/USDT	2026-01-04 00:00:00+00:00	B	18.20134111097125	0.01320054849021317	2026-01-04 00:00:00+00:00
LTC/USDT	2026-01-04 12:15:00+00:00	B	3.7895257570892316	0.026994456495541202	2026-01-04 12:00:00+00:00
BNB/USDT	2026-01-04 16:00:00+00:00	A	6.398177656510821	0.020634618186709072	2026-01-04 16:00:00+00:00
AVAX/USDT	2026-01-04 21:00:00+00:00	B	7.001350627675284	0.04320557491289193	2026-01-04 20:00:00+00:00
SOL/USDT	2026-01-05 00:00:00+00:00	A	3.0332472575767317	0.04971020954079356	2026-01-05 00:00:00+00:00
ADA/USDT	2026-01-05 14:30:00+00:00	B	5.181942304763683	0.08943089430894309	2026-01-05 12:00:00+00:00
DOGE/USDT	2026-01-05 17:45:00+00:00	B	6.458621840691626	0.08522875816993461	2026-01-05 16:00:00+00:00
XRP/USDT	2026-01-05 20:00:00+00:00	B	6.785361168276813	0.09161423769714715	2026-01-05 20:00:00+00:00
ETH/USDT	2026-01-06 14:00:00+00:00	B	5.9776515134918435	0.03834598403751859	2026-01-06 12:00:00+00:00
BTC/USDT	2026-01-06 21:15:00+00:00	B	4.921535287988448	0.03332587685128012	2026-01-06 20:00:00+00:00
ETH/USDT	2026-01-07 23:15:00+00:00	B	3.1688268213318933	0.040914667028278166	2026-01-07 20:00:00+00:00
XRP/USDT	2026-01-09 15:15:00+00:00	B	3.183853380207704	0.04022934924482568	2026-01-09 12:00:00+00:00
DOGE/USDT	2026-01-11 12:45:00+00:00	A	6.544523664727127	0.048034624662977136	2026-01-11 12:00:00+00:00
SOL/USDT	2026-01-11 16:15:00+00:00	B	7.910311697901705	0.049269162210338655	2026-01-11 16:00:00+00:00
SOL/USDT	2026-01-12 00:15:00+00:00	B	5.702193273983067	0.04307036247334757	2026-01-12 00:00:00+00:00
BNB/USDT	2026-01-13 07:00:00+00:00	B	6.0599814999161845	0.053046626343939016	2026-01-13 04:00:00+00:00
AVAX/USDT	2026-01-13 13:30:00+00:00	A	8.161452294092772	0.07343412526997836	2026-01-13 12:00:00+00:00
BNB/USDT	2026-01-13 18:00:00+00:00	B	6.535300887030258	0.027890823088232108	2026-01-13 16:00:00+00:00
LTC/USDT	2026-01-13 22:00:00+00:00	B	5.857394919499195	0.05182613168724281	2026-01-13 20:00:00+00:00
LTC/USDT	2026-01-14 15:15:00+00:00	B	7.028205916204339	0.09444030776867726	2026-01-14 12:00:00+00:00
ADA/USDT	2026-01-15 09:30:00+00:00	A	3.2048063956283444	0.05466633834031026	2026-01-15 08:00:00+00:00
LTC/USDT	2026-01-16 18:15:00+00:00	B	4.908053530356298	0.039484396200814065	2026-01-16 16:00:00+00:00
BNB/USDT	2026-01-17 15:15:00+00:00	A	3.4636893987223494	0.017325816312499336	2026-01-17 12:00:00+00:00
ETH/USDT	2026-01-18 18:15:00+00:00	B	4.12363590295895	0.0568491745062058	2026-01-18 16:00:00+00:00
DOGE/USDT	2026-01-20 14:30:00+00:00	B	4.4337758506502905	0.03996840442338069	2026-01-20 12:00:00+00:00
SOL/USDT	2026-01-21 14:00:00+00:00	B	3.82752053533246	0.05364490334601337	2026-01-21 12:00:00+00:00
ETH/USDT	2026-01-21 19:45:00+00:00	B	3.0151405090206027	0.049647200513162834	2026-01-21 16:00:00+00:00
AVAX/USDT	2026-01-23 04:00:00+00:00	B	9.768463896907638	0.04136253041362529	2026-01-23 04:00:00+00:00
BTC/USDT	2026-01-23 15:45:00+00:00	B	3.292786978508455	0.022874366892483382	2026-01-23 12:00:00+00:00
SOL/USDT	2026-01-23 16:00:00+00:00	B	8.848822094215626	0.028482490272373404	2026-01-23 16:00:00+00:00
LTC/USDT	2026-01-25 09:15:00+00:00	A	3.306625588284203	0.07445573294629891	2026-01-25 08:00:00+00:00
LTC/USDT	2026-01-26 14:30:00+00:00	A	5.348933636084671	0.021273537444300765	2026-01-26 12:00:00+00:00
BNB/USDT	2026-01-27 15:00:00+00:00	B	3.7455923055086706	0.030720422702177775	2026-01-27 12:00:00+00:00
ADA/USDT	2026-01-27 16:00:00+00:00	A	5.1369184193329795	0.04438202247191006	2026-01-27 16:00:00+00:00
ADA/USDT	2026-01-27 20:15:00+00:00	B	3.7308307120486766	0.028769017980636143	2026-01-27 20:00:00+00:00
BTC/USDT	2026-01-28 11:45:00+00:00	B	5.854977335071342	0.032149200710479574	2026-01-28 08:00:00+00:00
BNB/USDT	2026-01-29 07:15:00+00:00	B	3.7396710930371313	0.0786073500967118	2026-01-29 04:00:00+00:00
DOGE/USDT	2026-02-03 15:45:00+00:00	B	5.668123323197153	0.07506580738858128	2026-02-03 12:00:00+00:00
LTC/USDT	2026-02-07 16:00:00+00:00	B	40.54943282510354	0.02555273649873136	2026-02-07 16:00:00+00:00
AVAX/USDT	2026-02-09 17:30:00+00:00	B	3.867750712823394	0.05131004366812215	2026-02-09 16:00:00+00:00
AVAX/USDT	2026-02-11 02:15:00+00:00	B	4.359221664161685	0.06081081081081091	2026-02-11 00:00:00+00:00
BNB/USDT	2026-02-11 14:00:00+00:00	B	3.323765146095772	0.052448698616665575	2026-02-11 12:00:00+00:00
LINK/USDT	2026-02-13 14:30:00+00:00	A	3.7491018671079805	0.06345475910693313	2026-02-13 12:00:00+00:00
LINK/USDT	2026-02-14 01:45:00+00:00	A	21.564282027820028	0.04735062006764394	2026-02-14 00:00:00+00:00
DOGE/USDT	2026-02-14 09:30:00+00:00	B	3.0517142110909865	0.20357873210633945	2026-02-14 08:00:00+00:00
SOL/USDT	2026-02-14 16:30:00+00:00	B	7.319665522334506	0.05230244457077895	2026-02-14 16:00:00+00:00
DOGE/USDT	2026-02-14 21:00:00+00:00	B	6.349447672974447	0.13778892671564227	2026-02-14 20:00:00+00:00
BTC/USDT	2026-02-15 04:00:00+00:00	B	6.78488156747214	0.042357418228031435	2026-02-15 04:00:00+00:00
ADA/USDT	2026-02-17 07:30:00+00:00	A	6.569026690242186	0.04350828729281768	2026-02-17 04:00:00+00:00
DOGE/USDT	2026-02-17 16:00:00+00:00	B	5.987368334692696	0.0426383061762123	2026-02-17 16:00:00+00:00
BTC/USDT	2026-02-18 15:30:00+00:00	B	5.318106610204993	0.036603210120159255	2026-02-18 12:00:00+00:00
DOGE/USDT	2026-02-20 05:30:00+00:00	A	7.786724773875349	0.06815440289505437	2026-02-20 04:00:00+00:00
LTC/USDT	2026-02-20 15:15:00+00:00	B	4.652029068704802	0.028691520467836264	2026-02-20 12:00:00+00:00
SOL/USDT	2026-02-21 14:15:00+00:00	A	3.7878727460011734	0.035942028985507184	2026-02-21 12:00:00+00:00
LTC/USDT	2026-02-21 16:15:00+00:00	B	3.137797878427761	0.054919499105545624	2026-02-21 16:00:00+00:00
XRP/USDT	2026-02-22 22:15:00+00:00	A	4.193325324420447	0.06780753257912073	2026-02-22 20:00:00+00:00
XRP/USDT	2026-02-25 01:00:00+00:00	B	7.6164811728832245	0.10153935101539356	2026-02-25 00:00:00+00:00
AVAX/USDT	2026-02-25 11:15:00+00:00	B	5.49973218601436	0.10538116591928245	2026-02-25 08:00:00+00:00
ADA/USDT	2026-02-25 14:00:00+00:00	B	3.307897725317522	0.1117792713123453	2026-02-25 12:00:00+00:00
ADA/USDT	2026-02-25 19:45:00+00:00	B	3.1973782881295767	0.10369881109643322	2026-02-25 16:00:00+00:00
SOL/USDT	2026-02-25 21:30:00+00:00	B	5.516127387906935	0.06841290893015028	2026-02-25 20:00:00+00:00
XRP/USDT	2026-02-28 13:45:00+00:00	B	5.635857052981657	0.09116660454714878	2026-02-28 12:00:00+00:00
ETH/USDT	2026-03-01 01:45:00+00:00	A	4.251733287948775	0.0732423622015942	2026-03-01 00:00:00+00:00
BTC/USDT	2026-03-01 13:45:00+00:00	A	4.062904504382161	0.03382680366966121	2026-03-01 12:00:00+00:00
DOGE/USDT	2026-03-02 14:30:00+00:00	B	3.379916875027393	0.09351124502313574	2026-03-02 12:00:00+00:00
SOL/USDT	2026-03-03 16:00:00+00:00	B	3.897341149967108	0.10427528675703858	2026-03-03 16:00:00+00:00
AVAX/USDT	2026-03-04 08:45:00+00:00	B	5.577396060182467	0.05756929637526643	2026-03-04 08:00:00+00:00
ETH/USDT	2026-03-04 15:15:00+00:00	B	3.517211571816839	0.05903638114650644	2026-03-04 12:00:00+00:00
AVAX/USDT	2026-03-06 21:00:00+00:00	A	3.0920137579341955	0.023307436182020073	2026-03-06 20:00:00+00:00
LTC/USDT	2026-03-07 08:00:00+00:00	A	25.054846483267326	0.03033105233955984	2026-03-07 08:00:00+00:00
XRP/USDT	2026-03-08 10:15:00+00:00	A	3.6410284919630898	0.035135135135135	2026-03-08 08:00:00+00:00
AVAX/USDT	2026-03-09 03:00:00+00:00	B	3.5469622451835874	0.06401766004415012	2026-03-09 00:00:00+00:00
ADA/USDT	2026-03-09 05:30:00+00:00	B	3.030691009826391	0.04344453064390996	2026-03-09 04:00:00+00:00
AVAX/USDT	2026-03-09 19:15:00+00:00	A	3.2400982166930783	0.07708553326293563	2026-03-09 16:00:00+00:00
ADA/USDT	2026-03-10 02:30:00+00:00	B	3.1950440801325746	0.060502283105022724	2026-03-10 00:00:00+00:00
DOGE/USDT	2026-03-10 08:00:00+00:00	A	3.24295456036442	0.09716991283761968	2026-03-10 08:00:00+00:00
DOGE/USDT	2026-03-10 13:00:00+00:00	B	3.6383323376076917	0.09375973419167268	2026-03-10 12:00:00+00:00
AVAX/USDT	2026-03-12 23:00:00+00:00	B	5.960098190577841	0.06577595066803688	2026-03-12 20:00:00+00:00
BTC/USDT	2026-03-13 00:00:00+00:00	A	3.240378723197612	0.047170795592375456	2026-03-13 00:00:00+00:00
ADA/USDT	2026-03-13 05:30:00+00:00	B	5.084204554242769	0.06756265891754452	2026-03-13 04:00:00+00:00
BTC/USDT	2026-03-13 08:30:00+00:00	A	3.863064618855452	0.050000556065282135	2026-03-13 08:00:00+00:00
AVAX/USDT	2026-03-13 13:15:00+00:00	B	5.836294899023995	0.07563850687622786	2026-03-13 12:00:00+00:00
ETH/USDT	2026-03-14 23:00:00+00:00	A	3.322213839213241	0.05707818163584005	2026-03-14 20:00:00+00:00
ETH/USDT	2026-03-15 09:00:00+00:00	A	3.8524988642051956	0.09544187099848547	2026-03-15 08:00:00+00:00
XRP/USDT	2026-03-15 12:45:00+00:00	A	3.0451770129854894	0.05619161340169985	2026-03-15 12:00:00+00:00
ETH/USDT	2026-03-15 17:45:00+00:00	A	4.459680426703424	0.10833961066340711	2026-03-15 16:00:00+00:00
LINK/USDT	2026-03-15 20:30:00+00:00	A	10.214106445689914	0.08090614886731393	2026-03-15 20:00:00+00:00
AVAX/USDT	2026-03-16 03:15:00+00:00	B	3.3601125912695786	0.05049504950495065	2026-03-16 00:00:00+00:00
DOGE/USDT	2026-03-16 14:45:00+00:00	B	3.1341628467275147	0.06001551289509406	2026-03-16 12:00:00+00:00
XRP/USDT	2026-03-16 18:15:00+00:00	B	3.0235840797598525	0.07324035030814141	2026-03-16 16:00:00+00:00
XRP/USDT	2026-03-17 01:00:00+00:00	B	3.379097458952919	0.07214979550102249	2026-03-17 00:00:00+00:00
XRP/USDT	2026-03-17 16:15:00+00:00	A	3.573365837034976	0.06813403416557169	2026-03-17 16:00:00+00:00
ADA/USDT	2026-03-18 05:00:00+00:00	B	3.467226451583356	0.08460754332313958	2026-03-18 04:00:00+00:00
SOL/USDT	2026-03-20 08:00:00+00:00	A	4.567457174461558	0.02971175166297125	2026-03-20 08:00:00+00:00
LTC/USDT	2026-03-20 21:15:00+00:00	A	4.91829621521419	0.018554861730597793	2026-03-20 20:00:00+00:00
DOGE/USDT	2026-03-21 15:45:00+00:00	A	7.875385236667137	0.0493448858833475	2026-03-21 12:00:00+00:00
LTC/USDT	2026-03-23 11:00:00+00:00	B	50.57901075444741	0.02511210762331849	2026-03-23 08:00:00+00:00
AVAX/USDT	2026-03-24 20:15:00+00:00	A	3.67933003197752	0.03046218487394968	2026-03-24 20:00:00+00:00
DOGE/USDT	2026-03-25 06:15:00+00:00	B	3.454143639649212	0.05851555281798594	2026-03-25 04:00:00+00:00
BTC/USDT	2026-03-25 08:30:00+00:00	A	3.082078537275306	0.03107361784664212	2026-03-25 08:00:00+00:00
DOGE/USDT	2026-03-26 20:00:00+00:00	A	3.3476383679750756	0.037604608194761344	2026-03-26 20:00:00+00:00
SOL/USDT	2026-03-28 13:30:00+00:00	A	9.143973568717524	0.031141454066355358	2026-03-28 12:00:00+00:00
XRP/USDT	2026-03-30 00:15:00+00:00	B	4.482330654756694	0.037649700598802405	2026-03-30 00:00:00+00:00
ETH/USDT	2026-03-31 16:30:00+00:00	B	6.82896266645702	0.036247660517168975	2026-03-31 16:00:00+00:00
XRP/USDT	2026-04-01 03:45:00+00:00	B	3.8763184340594745	0.045693939618722715	2026-04-01 00:00:00+00:00
AVAX/USDT	2026-04-01 05:15:00+00:00	B	7.991496830084478	0.09040793825799341	2026-04-01 04:00:00+00:00
ETH/USDT	2026-04-01 17:00:00+00:00	B	3.4858152404369993	0.06893219669694088	2026-04-01 16:00:00+00:00
BTC/USDT	2026-04-02 14:30:00+00:00	B	4.564946174212326	0.0171351993911807	2026-04-02 12:00:00+00:00
ETH/USDT	2026-04-04 15:00:00+00:00	A	7.195604278154798	0.0303920329109246	2026-04-04 12:00:00+00:00
DOGE/USDT	2026-04-04 17:15:00+00:00	B	5.47141634528907	0.036904761904761864	2026-04-04 16:00:00+00:00
ADA/USDT	2026-04-05 15:15:00+00:00	A	5.027430327521693	0.07374027038099135	2026-04-05 12:00:00+00:00
ETH/USDT	2026-04-05 22:45:00+00:00	A	4.398720437440216	0.044318939107005045	2026-04-05 20:00:00+00:00
BNB/USDT	2026-04-06 00:00:00+00:00	B	5.628922389846961	0.02322196493549448	2026-04-06 00:00:00+00:00
LINK/USDT	2026-04-07 08:30:00+00:00	A	3.831592801709903	0.0962627406568516	2026-04-07 08:00:00+00:00
BNB/USDT	2026-04-07 16:30:00+00:00	B	3.0887511142736805	0.03959491989706985	2026-04-07 16:00:00+00:00
DOGE/USDT	2026-04-07 22:00:00+00:00	B	3.803569526652893	0.03672770103865513	2026-04-07 20:00:00+00:00
BNB/USDT	2026-04-09 15:30:00+00:00	B	3.2639245515726096	0.02430033226984948	2026-04-09 12:00:00+00:00
LINK/USDT	2026-04-09 22:15:00+00:00	B	3.791499151972459	0.03296703296703285	2026-04-09 20:00:00+00:00
SOL/USDT	2026-04-10 12:30:00+00:00	B	3.040880825892114	0.024723641982645886	2026-04-10 12:00:00+00:00
DOGE/USDT	2026-04-10 19:00:00+00:00	A	7.862137404464142	0.03203781512605039	2026-04-10 16:00:00+00:00
ETH/USDT	2026-04-11 16:30:00+00:00	A	7.742454493610961	0.06844376902381587	2026-04-11 16:00:00+00:00
AVAX/USDT	2026-04-13 06:15:00+00:00	B	5.5418617560439944	0.08069792802617233	2026-04-13 04:00:00+00:00
ADA/USDT	2026-04-13 12:45:00+00:00	A	3.791991945790699	0.04809286898839137	2026-04-13 12:00:00+00:00
BTC/USDT	2026-04-13 19:15:00+00:00	B	4.161070225399848	0.044033794353854135	2026-04-13 16:00:00+00:00
ETH/USDT	2026-04-13 22:00:00+00:00	B	5.0950456923679885	0.052574256563068994	2026-04-13 20:00:00+00:00
DOGE/USDT	2026-04-14 08:30:00+00:00	B	3.6177200226760324	0.05998304366256887	2026-04-14 08:00:00+00:00
SOL/USDT	2026-04-14 13:30:00+00:00	A	3.375595211241972	0.057674632352941124	2026-04-14 12:00:00+00:00
XRP/USDT	2026-04-15 19:30:00+00:00	B	11.588559180844483	0.06035097731488088	2026-04-15 16:00:00+00:00
DOGE/USDT	2026-04-16 03:45:00+00:00	B	6.361317655995922	0.055555555555555476	2026-04-16 00:00:00+00:00
LINK/USDT	2026-04-16 13:00:00+00:00	B	4.190492089842765	0.0648246546227419	2026-04-16 12:00:00+00:00
ADA/USDT	2026-04-16 18:30:00+00:00	B	3.7645461932682576	0.062087698874660514	2026-04-16 16:00:00+00:00
ETH/USDT	2026-04-17 12:45:00+00:00	B	3.3868368877571653	0.051210597098614155	2026-04-17 12:00:00+00:00
BTC/USDT	2026-04-19 13:15:00+00:00	B	4.948012442376046	0.031967424915363626	2026-04-19 12:00:00+00:00
BTC/USDT	2026-04-20 07:15:00+00:00	B	4.175687634450622	0.025783585200202574	2026-04-20 04:00:00+00:00
SOL/USDT	2026-04-20 15:15:00+00:00	A	3.0490094905685	0.02204081632653062	2026-04-20 12:00:00+00:00
BTC/USDT	2026-04-20 18:00:00+00:00	B	3.1207117208141573	0.02458110915154128	2026-04-20 16:00:00+00:00
BNB/USDT	2026-04-21 10:30:00+00:00	B	3.015098586577894	0.031195271453590266	2026-04-21 08:00:00+00:00
SOL/USDT	2026-04-21 14:30:00+00:00	B	3.2161289052726736	0.05786555786555776	2026-04-21 12:00:00+00:00
SOL/USDT	2026-04-22 02:15:00+00:00	B	3.397521616436586	0.03851444291609353	2026-04-22 00:00:00+00:00
XRP/USDT	2026-04-22 05:15:00+00:00	B	5.6234125507347645	0.03508531487699576	2026-04-22 04:00:00+00:00
DOGE/USDT	2026-04-23 15:15:00+00:00	B	7.233462989962909	0.03491118184618544	2026-04-23 12:00:00+00:00
BTC/USDT	2026-04-24 11:00:00+00:00	A	4.651888968292736	0.015537250266339446	2026-04-24 08:00:00+00:00
SOL/USDT	2026-04-26 04:45:00+00:00	A	4.4719448105214425	0.025216888374783024	2026-04-26 04:00:00+00:00
ADA/USDT	2026-04-26 09:15:00+00:00	A	4.825455726256674	0.03879651623119558	2026-04-26 08:00:00+00:00
ETH/USDT	2026-04-26 14:15:00+00:00	A	6.965859630506705	0.04292358690888042	2026-04-26 12:00:00+00:00
AVAX/USDT	2026-04-26 18:30:00+00:00	A	7.347256357063147	0.05147058823529414	2026-04-26 16:00:00+00:00
BTC/USDT	2026-04-26 21:45:00+00:00	A	11.520458842413666	0.03858862464343064	2026-04-26 20:00:00+00:00
DOGE/USDT	2026-04-27 00:45:00+00:00	A	3.285077467071398	0.03921960980490252	2026-04-27 00:00:00+00:00
LINK/USDT	2026-04-27 14:30:00+00:00	A	3.3530790580545027	0.023504273504273383	2026-04-27 12:00:00+00:00
DOGE/USDT	2026-04-28 04:00:00+00:00	A	4.237149392538785	0.03547516738283213	2026-04-28 04:00:00+00:00
LTC/USDT	2026-04-28 19:45:00+00:00	B	8.3574765199005	0.0606060606060606	2026-04-28 16:00:00+00:00
ADA/USDT	2026-04-29 04:30:00+00:00	B	7.1877557614974865	0.06287545054064875	2026-04-29 04:00:00+00:00
DOGE/USDT	2026-04-29 09:15:00+00:00	B	3.149025734069347	0.1028315946348734	2026-04-29 08:00:00+00:00
BTC/USDT	2026-04-30 12:15:00+00:00	A	4.1492953410594	0.022341832513079224	2026-04-30 12:00:00+00:00
ETH/USDT	2026-05-01 03:15:00+00:00	A	9.869402075143672	0.023278612473905134	2026-05-01 00:00:00+00:00
BNB/USDT	2026-05-01 12:15:00+00:00	A	3.158509663205052	0.014602662363856505	2026-05-01 12:00:00+00:00
LTC/USDT	2026-05-01 18:15:00+00:00	B	3.0413728554651924	0.01610017889087654	2026-05-01 16:00:00+00:00
LINK/USDT	2026-05-02 14:45:00+00:00	A	4.059503086203666	0.01971522453450161	2026-05-02 12:00:00+00:00
BTC/USDT	2026-05-02 21:30:00+00:00	A	11.231090384405883	0.01502309195108839	2026-05-02 20:00:00+00:00
LINK/USDT	2026-05-03 22:00:00+00:00	A	3.8128402841231535	0.06195652173913047	2026-05-03 20:00:00+00:00
XRP/USDT	2026-05-04 01:45:00+00:00	B	7.432689820076947	0.025126343511993814	2026-05-04 00:00:00+00:00
BNB/USDT	2026-05-04 04:00:00+00:00	B	13.155531813916753	0.02989630701933819	2026-05-04 04:00:00+00:00
LINK/USDT	2026-05-04 08:45:00+00:00	B	6.31400915990666	0.03936170212765968	2026-05-04 08:00:00+00:00
ETH/USDT	2026-05-04 14:45:00+00:00	B	3.0700417570958196	0.02677332703604206	2026-05-04 12:00:00+00:00
LINK/USDT	2026-05-05 10:15:00+00:00	B	3.0274294788122136	0.05900621118012407	2026-05-05 08:00:00+00:00
BNB/USDT	2026-05-05 13:00:00+00:00	B	4.143918799324425	0.05757929988626319	2026-05-05 12:00:00+00:00
XRP/USDT	2026-05-06 07:15:00+00:00	B	3.0287478480919328	0.03758820652553627	2026-05-06 04:00:00+00:00
BTC/USDT	2026-05-06 08:30:00+00:00	A	3.0380310603222713	0.02600868714703956	2026-05-06 08:00:00+00:00
BNB/USDT	2026-05-06 12:15:00+00:00	B	4.464843012474225	0.03443341654996043	2026-05-06 12:00:00+00:00
LINK/USDT	2026-05-08 14:30:00+00:00	B	3.0439797745948174	0.06487025948103778	2026-05-08 12:00:00+00:00
SOL/USDT	2026-05-08 17:15:00+00:00	B	5.027355363079919	0.04262621789193987	2026-05-08 16:00:00+00:00
ADA/USDT	2026-05-08 21:30:00+00:00	B	24.698895642970456	0.0324675324675325	2026-05-08 20:00:00+00:00
ETH/USDT	2026-05-09 17:00:00+00:00	B	3.1210441446935278	0.015735968725459515	2026-05-09 16:00:00+00:00
AVAX/USDT	2026-05-10 08:00:00+00:00	A	3.5651485574195534	0.05494505494505502	2026-05-10 08:00:00+00:00
XRP/USDT	2026-05-10 15:30:00+00:00	B	4.657562744380171	0.049272349272349227	2026-05-10 12:00:00+00:00
SOL/USDT	2026-05-10 17:00:00+00:00	B	5.421382599979498	0.04799411888258762	2026-05-10 16:00:00+00:00
BTC/USDT	2026-05-10 22:30:00+00:00	B	4.896772445396928	0.02462330200757433	2026-05-10 20:00:00+00:00
BNB/USDT	2026-05-11 22:45:00+00:00	A	19.57388078434608	0.03359400650687997	2026-05-11 20:00:00+00:00
BNB/USDT	2026-05-13 01:00:00+00:00	B	7.5555178889033225	0.032481876269402354	2026-05-13 00:00:00+00:00
DOGE/USDT	2026-05-13 04:30:00+00:00	B	3.5025201266831716	0.05170419151018951	2026-05-13 04:00:00+00:00
BNB/USDT	2026-05-14 12:45:00+00:00	B	6.603886739447131	0.023870254330998975	2026-05-14 12:00:00+00:00
LTC/USDT	2026-05-14 18:00:00+00:00	B	6.663424127293034	0.05392990813201772	2026-05-14 16:00:00+00:00
BNB/USDT	2026-05-15 07:15:00+00:00	B	4.735576637334674	0.04916529611247758	2026-05-15 04:00:00+00:00
BTC/USDT	2026-05-20 05:00:00+00:00	A	4.242784824299703	0.016682636281237787	2026-05-20 04:00:00+00:00
SOL/USDT	2026-05-20 14:30:00+00:00	B	7.7775980682684285	0.02278836040668462	2026-05-20 12:00:00+00:00
BTC/USDT	2026-05-21 17:00:00+00:00	B	4.579987495893016	0.019715647049974624	2026-05-21 16:00:00+00:00
LINK/USDT	2026-05-23 20:30:00+00:00	B	3.7644390524798883	0.04557224236147087	2026-05-23 20:00:00+00:00
BTC/USDT	2026-05-24 10:15:00+00:00	A	4.802507476006872	0.020610693940963248	2026-05-24 08:00:00+00:00
ADA/USDT	2026-05-25 08:45:00+00:00	B	5.264225692143056	0.03495934959349592	2026-05-25 08:00:00+00:00
BNB/USDT	2026-05-25 12:00:00+00:00	A	8.141737078581492	0.026628818599621545	2026-05-25 12:00:00+00:00
AVAX/USDT	2026-05-26 10:15:00+00:00	A	4.193948626375679	0.047234900753635525	2026-05-26 08:00:00+00:00
DOGE/USDT	2026-05-26 14:15:00+00:00	B	5.145057891618594	0.03383784825990552	2026-05-26 12:00:00+00:00
LTC/USDT	2026-05-28 15:30:00+00:00	B	4.597916835625907	0.02278481012658231	2026-05-28 12:00:00+00:00
ETH/USDT	2026-05-29 15:00:00+00:00	B	4.020043088082629	0.022075022401766356	2026-05-29 12:00:00+00:00
BNB/USDT	2026-05-29 16:30:00+00:00	B	3.3091265313039955	0.1091516469857054	2026-05-29 16:00:00+00:00
AVAX/USDT	2026-05-31 05:30:00+00:00	A	6.969600495582285	0.030266210096100643	2026-05-31 04:00:00+00:00
DOGE/USDT	2026-06-01 03:00:00+00:00	B	4.46047395681868	0.037311222978975475	2026-06-01 00:00:00+00:00
BNB/USDT	2026-06-01 09:30:00+00:00	B	6.314528878494944	0.07734544846423994	2026-06-01 08:00:00+00:00
BNB/USDT	2026-06-07 01:00:00+00:00	B	4.771644003012943	0.057989557038625066	2026-06-07 00:00:00+00:00
BNB/USDT	2026-06-07 05:15:00+00:00	B	3.2324120306304116	0.045591199480714606	2026-06-07 04:00:00+00:00
SOL/USDT	2026-06-07 08:45:00+00:00	B	3.6103125623323904	0.06487797483704716	2026-06-07 08:00:00+00:00
SOL/USDT	2026-06-07 22:00:00+00:00	B	7.12260676893549	0.04739266082305746	2026-06-07 20:00:00+00:00
XRP/USDT	2026-06-09 04:30:00+00:00	B	3.064772949879178	0.05402859833889902	2026-06-09 04:00:00+00:00
SOL/USDT	2026-06-10 12:30:00+00:00	B	7.416925311951877	0.05925349922239506	2026-06-10 12:00:00+00:00
ADA/USDT	2026-06-11 03:45:00+00:00	B	4.004744968000667	0.04744744744744739	2026-06-11 00:00:00+00:00
BNB/USDT	2026-06-11 08:00:00+00:00	B	3.394948765203713	0.018794491384472204	2026-06-11 08:00:00+00:00
LINK/USDT	2026-06-11 17:30:00+00:00	B	4.001804586269533	0.03272865660281608	2026-06-11 16:00:00+00:00
BTC/USDT	2026-06-12 15:00:00+00:00	B	4.852726129849828	0.015448331572733523	2026-06-12 12:00:00+00:00
BTC/USDT	2026-06-13 21:30:00+00:00	A	3.2508437698601647	0.027241300109946437	2026-06-13 20:00:00+00:00
AVAX/USDT	2026-06-14 21:15:00+00:00	B	5.038815657806905	0.06964798307901487	2026-06-14 20:00:00+00:00
LTC/USDT	2026-06-15 10:15:00+00:00	B	8.935052505880982	0.02383555652744361	2026-06-15 08:00:00+00:00
ETH/USDT	2026-06-15 13:00:00+00:00	B	3.3571855421603285	0.05102365013628229	2026-06-15 12:00:00+00:00
XRP/USDT	2026-06-15 16:15:00+00:00	B	3.8409906121369017	0.0684304445651331	2026-06-15 16:00:00+00:00
BNB/USDT	2026-06-16 07:15:00+00:00	A	3.5152939281157254	0.029437495949711553	2026-06-16 04:00:00+00:00
BTC/USDT	2026-06-17 15:45:00+00:00	B	4.708565388679958	0.06314895364399549	2026-06-17 12:00:00+00:00
BTC/USDT	2026-06-19 23:45:00+00:00	B	3.453831695210153	0.018944222979039232	2026-06-19 20:00:00+00:00
ETH/USDT	2026-06-20 05:00:00+00:00	A	7.978351336496582	0.023957911776608692	2026-06-20 04:00:00+00:00
BTC/USDT	2026-06-20 14:45:00+00:00	B	6.566283381940859	0.013413468981186848	2026-06-20 12:00:00+00:00
XRP/USDT	2026-06-20 22:00:00+00:00	A	3.370075901469056	0.02862595419847321	2026-06-20 20:00:00+00:00
LTC/USDT	2026-06-21 10:15:00+00:00	B	6.104215670833412	0.03737284387439181	2026-06-21 08:00:00+00:00
DOGE/USDT	2026-06-21 17:00:00+00:00	A	4.13884337420498	0.03524913370773084	2026-06-21 16:00:00+00:00
XRP/USDT	2026-06-22 01:15:00+00:00	B	3.2665607857896015	0.03684989981705724	2026-06-22 00:00:00+00:00
LINK/USDT	2026-06-22 11:30:00+00:00	B	7.010903216398626	0.08385016125031002	2026-06-22 08:00:00+00:00
BTC/USDT	2026-06-22 13:30:00+00:00	B	3.044664558198826	0.05633435254548237	2026-06-22 12:00:00+00:00
LINK/USDT	2026-06-23 14:00:00+00:00	B	3.5263875761138066	0.0329411764705882	2026-06-23 12:00:00+00:00
BNB/USDT	2026-06-24 11:45:00+00:00	A	3.581257660032065	0.058176236223460256	2026-06-24 08:00:00+00:00
AVAX/USDT	2026-06-26 22:30:00+00:00	B	4.267626010009434	0.05207535610353804	2026-06-26 20:00:00+00:00
LTC/USDT	2026-06-27 07:15:00+00:00	A	3.0368291693253653	0.03345900094250694	2026-06-27 04:00:00+00:00
ETH/USDT	2026-06-27 15:00:00+00:00	B	3.4986090721487817	0.030249663961766253	2026-06-27 12:00:00+00:00
SOL/USDT	2026-06-28 08:30:00+00:00	B	5.467622506447899	0.049812682114610846	2026-06-28 08:00:00+00:00
ETH/USDT	2026-06-29 03:00:00+00:00	B	3.2241198237371016	0.05065632872629925	2026-06-29 00:00:00+00:00
LINK/USDT	2026-06-29 12:00:00+00:00	A	3.5189056160569097	0.04040540540540546	2026-06-29 12:00:00+00:00
ETH/USDT	2026-06-29 17:00:00+00:00	B	5.823441646735702	0.05405739809332905	2026-06-29 16:00:00+00:00
