pair	ts	grade	bbw_pct_now	amp_24h	win4h	bucket
XRP/USDT	2025-01-01 12:15:00+00:00	B	0.45729166666666665	0.1385391594149232	2025-01-01 12:00:00+00:00	[0.25,0.50)
AVAX/USDT	2025-01-01 18:30:00+00:00	B	0.2972222222222222	0.1086601307189543	2025-01-01 16:00:00+00:00	[0.25,0.50)
XRP/USDT	2025-01-02 00:00:00+00:00	B	0.5454861111111111	0.045532538187905425	2025-01-02 00:00:00+00:00	[0.50,0.75)
AVAX/USDT	2025-01-02 04:30:00+00:00	B	0.35868055555555556	0.05212059274399589	2025-01-02 04:00:00+00:00	[0.25,0.50)
ETH/USDT	2025-01-02 09:45:00+00:00	B	0.5527777777777778	0.025432892631093246	2025-01-02 08:00:00+00:00	[0.50,0.75)
BTC/USDT	2025-01-02 14:45:00+00:00	A	0.17777777777777778	0.0185022099810512	2025-01-02 12:00:00+00:00	[0.10,0.25)
ADA/USDT	2025-01-03 03:45:00+00:00	B	0.9006944444444445	0.11051606621226868	2025-01-03 00:00:00+00:00	[0.75,1.00]
ADA/USDT	2025-01-03 08:15:00+00:00	B	0.78125	0.07529122075954153	2025-01-03 08:00:00+00:00	[0.75,1.00]
DOGE/USDT	2025-01-03 13:00:00+00:00	B	0.9347222222222222	0.10103555210986827	2025-01-03 12:00:00+00:00	[0.75,1.00]
BNB/USDT	2025-01-03 16:15:00+00:00	B	0.39375	0.019644658670552605	2025-01-03 16:00:00+00:00	[0.25,0.50)
DOGE/USDT	2025-01-04 03:00:00+00:00	A	0.4239583333333333	0.057308501359601936	2025-01-04 00:00:00+00:00	[0.25,0.50)
SOL/USDT	2025-01-05 03:30:00+00:00	A	0.06979166666666667	0.03480055020632739	2025-01-05 00:00:00+00:00	[0.05,0.10)
BTC/USDT	2025-01-05 20:15:00+00:00	A	0.22465277777777778	0.046302647303089105	2025-01-05 20:00:00+00:00	[0.10,0.25)
LINK/USDT	2025-01-06 02:00:00+00:00	B	0.44756944444444446	0.060796645702306196	2025-01-06 00:00:00+00:00	[0.25,0.50)
AVAX/USDT	2025-01-06 09:00:00+00:00	A	0.27534722222222224	0.03729656419529834	2025-01-06 08:00:00+00:00	[0.25,0.50)
BTC/USDT	2025-01-06 14:45:00+00:00	B	0.7128472222222222	0.029704866224465866	2025-01-06 12:00:00+00:00	[0.50,0.75)
XRP/USDT	2025-01-07 10:45:00+00:00	A	0.10451388888888889	0.0821086912273559	2025-01-07 08:00:00+00:00	[0.10,0.25)
XRP/USDT	2025-01-10 17:45:00+00:00	B	0.7041666666666667	0.08123404255319151	2025-01-10 16:00:00+00:00	[0.50,0.75)
ADA/USDT	2025-01-11 16:45:00+00:00	A	0.1597222222222222	0.10427638508531702	2025-01-11 16:00:00+00:00	[0.10,0.25)
BTC/USDT	2025-01-11 21:45:00+00:00	B	0.45625	0.01831573709753328	2025-01-11 20:00:00+00:00	[0.25,0.50)
SOL/USDT	2025-01-12 15:15:00+00:00	B	0.5145833333333333	0.12136330217414146	2025-01-12 12:00:00+00:00	[0.50,0.75)
ETH/USDT	2025-01-13 00:15:00+00:00	B	0.6892361111111112	0.12682864813979605	2025-01-13 00:00:00+00:00	[0.50,0.75)
XRP/USDT	2025-01-14 16:45:00+00:00	B	0.46597222222222223	0.16455744599502967	2025-01-14 16:00:00+00:00	[0.25,0.50)
BNB/USDT	2025-01-15 00:15:00+00:00	A	0.06145833333333333	0.038361239757748425	2025-01-15 00:00:00+00:00	[0.05,0.10)
AVAX/USDT	2025-01-15 13:30:00+00:00	B	0.7972222222222223	0.05709071949947857	2025-01-15 12:00:00+00:00	[0.75,1.00]
LTC/USDT	2025-01-15 22:30:00+00:00	B	0.6246527777777777	0.20968781655769417	2025-01-15 20:00:00+00:00	[0.50,0.75)
LTC/USDT	2025-01-16 15:00:00+00:00	B	0.8680555555555556	0.17895164567249083	2025-01-16 12:00:00+00:00	[0.75,1.00]
ADA/USDT	2025-01-16 16:00:00+00:00	B	0.8715277777777778	0.057318048520394564	2025-01-16 16:00:00+00:00	[0.75,1.00]
BTC/USDT	2025-01-17 01:30:00+00:00	B	0.6697916666666667	0.050028587455031776	2025-01-17 00:00:00+00:00	[0.50,0.75)
ETH/USDT	2025-01-17 20:15:00+00:00	B	0.6027777777777777	0.0855588016268545	2025-01-17 20:00:00+00:00	[0.50,0.75)
SOL/USDT	2025-01-18 02:45:00+00:00	A	0.33784722222222224	0.23130967393262483	2025-01-18 00:00:00+00:00	[0.25,0.50)
ETH/USDT	2025-01-19 13:45:00+00:00	B	0.8743055555555556	0.0948767008748882	2025-01-19 12:00:00+00:00	[0.75,1.00]
DOGE/USDT	2025-01-21 11:15:00+00:00	B	0.9517361111111111	0.12132629992464207	2025-01-21 08:00:00+00:00	[0.75,1.00]
BNB/USDT	2025-01-22 04:30:00+00:00	B	0.44166666666666665	0.028846567215510932	2025-01-22 04:00:00+00:00	[0.25,0.50)
SOL/USDT	2025-01-22 13:15:00+00:00	B	0.7833333333333333	0.1131031345942462	2025-01-22 12:00:00+00:00	[0.75,1.00]
XRP/USDT	2025-01-22 19:30:00+00:00	A	0.2920138888888889	0.07729709512529616	2025-01-22 16:00:00+00:00	[0.25,0.50)
DOGE/USDT	2025-01-22 22:30:00+00:00	B	0.3548611111111111	0.06669964547778055	2025-01-22 20:00:00+00:00	[0.25,0.50)
LINK/USDT	2025-01-23 13:30:00+00:00	A	0.33402777777777776	0.07648494711147286	2025-01-23 12:00:00+00:00	[0.25,0.50)
SOL/USDT	2025-01-23 20:15:00+00:00	B	0.7302083333333333	0.10394082886549526	2025-01-23 20:00:00+00:00	[0.50,0.75)
BNB/USDT	2025-01-24 05:45:00+00:00	B	0.6569444444444444	0.01972931895491061	2025-01-24 04:00:00+00:00	[0.50,0.75)
LTC/USDT	2025-01-24 14:30:00+00:00	B	0.71875	0.09100624794475508	2025-01-24 12:00:00+00:00	[0.50,0.75)
DOGE/USDT	2025-01-25 15:00:00+00:00	A	0.31180555555555556	0.03113016016241821	2025-01-25 12:00:00+00:00	[0.25,0.50)
ADA/USDT	2025-01-26 18:00:00+00:00	A	0.03159722222222222	0.14357178589294642	2025-01-26 16:00:00+00:00	[0.00,0.05)
LINK/USDT	2025-01-27 12:45:00+00:00	B	0.7347222222222223	0.08054841473864606	2025-01-27 12:00:00+00:00	[0.50,0.75)
XRP/USDT	2025-01-28 15:15:00+00:00	B	0.50625	0.06308082230357646	2025-01-28 12:00:00+00:00	[0.50,0.75)
BNB/USDT	2025-01-29 04:00:00+00:00	B	0.9045138888888888	0.029198262534049977	2025-01-29 04:00:00+00:00	[0.75,1.00]
BNB/USDT	2025-01-29 19:30:00+00:00	B	0.46319444444444446	0.027632070537248764	2025-01-29 16:00:00+00:00	[0.25,0.50)
LTC/USDT	2025-01-30 04:15:00+00:00	B	0.9704861111111112	0.07649313318428616	2025-01-30 04:00:00+00:00	[0.75,1.00]
BTC/USDT	2025-01-30 14:45:00+00:00	A	0.3211805555555556	0.023860804374447812	2025-01-30 12:00:00+00:00	[0.25,0.50)
ETH/USDT	2025-01-31 11:00:00+00:00	B	0.5649305555555556	0.0646655611169891	2025-01-31 08:00:00+00:00	[0.50,0.75)
BTC/USDT	2025-01-31 15:15:00+00:00	A	0.24965277777777778	0.04374026838458155	2025-01-31 12:00:00+00:00	[0.10,0.25)
LINK/USDT	2025-02-01 02:15:00+00:00	B	0.7711805555555555	0.1230709876543209	2025-02-01 00:00:00+00:00	[0.75,1.00]
BNB/USDT	2025-02-06 12:30:00+00:00	A	0.4354166666666667	0.03500341997264027	2025-02-06 12:00:00+00:00	[0.25,0.50)
BTC/USDT	2025-02-07 13:30:00+00:00	B	0.45902777777777776	0.04594002318534045	2025-02-07 12:00:00+00:00	[0.25,0.50)
DOGE/USDT	2025-02-09 01:00:00+00:00	A	0.1076388888888889	0.07959905660377366	2025-02-09 00:00:00+00:00	[0.10,0.25)
BNB/USDT	2025-02-09 07:00:00+00:00	B	0.8090277777777778	0.08249996025247625	2025-02-09 04:00:00+00:00	[0.75,1.00]
AVAX/USDT	2025-02-09 08:45:00+00:00	B	0.3954861111111111	0.08777429467084634	2025-02-09 08:00:00+00:00	[0.25,0.50)
LTC/USDT	2025-02-10 00:00:00+00:00	B	0.8541666666666666	0.1373115464475942	2025-02-10 00:00:00+00:00	[0.75,1.00]
SOL/USDT	2025-02-10 13:45:00+00:00	A	0.29305555555555557	0.05394131185270426	2025-02-10 12:00:00+00:00	[0.25,0.50)
ADA/USDT	2025-02-10 22:15:00+00:00	A	0.10104166666666667	0.16645596291613998	2025-02-10 20:00:00+00:00	[0.10,0.25)
ETH/USDT	2025-02-11 00:30:00+00:00	A	0.4170138888888889	0.061588127091536424	2025-02-11 00:00:00+00:00	[0.25,0.50)
BNB/USDT	2025-02-11 04:30:00+00:00	B	0.8013888888888889	0.034107596835573	2025-02-11 04:00:00+00:00	[0.75,1.00]
ETH/USDT	2025-02-12 13:15:00+00:00	A	0.23958333333333334	0.09343584345276128	2025-02-12 12:00:00+00:00	[0.10,0.25)
ETH/USDT	2025-02-12 22:15:00+00:00	B	0.7715277777777778	0.06595187812494345	2025-02-12 20:00:00+00:00	[0.75,1.00]
BNB/USDT	2025-02-13 13:15:00+00:00	B	0.8163194444444445	0.1017431028058021	2025-02-13 12:00:00+00:00	[0.75,1.00]
LTC/USDT	2025-02-13 19:00:00+00:00	B	0.8954861111111111	0.07545560294687867	2025-02-13 16:00:00+00:00	[0.75,1.00]
DOGE/USDT	2025-02-13 21:30:00+00:00	B	0.371875	0.10453081876724937	2025-02-13 20:00:00+00:00	[0.25,0.50)
XRP/USDT	2025-02-14 08:00:00+00:00	B	0.47465277777777776	0.08546289211935724	2025-02-14 08:00:00+00:00	[0.25,0.50)
ETH/USDT	2025-02-14 14:45:00+00:00	B	0.34756944444444443	0.04759716989800607	2025-02-14 12:00:00+00:00	[0.25,0.50)
DOGE/USDT	2025-02-14 17:30:00+00:00	B	0.7947916666666667	0.06844617288315358	2025-02-14 16:00:00+00:00	[0.75,1.00]
LTC/USDT	2025-02-16 01:15:00+00:00	B	0.7701388888888889	0.09372023155272226	2025-02-16 00:00:00+00:00	[0.75,1.00]
BNB/USDT	2025-02-16 14:30:00+00:00	B	0.7114583333333333	0.030162618422217544	2025-02-16 12:00:00+00:00	[0.50,0.75)
ADA/USDT	2025-02-17 04:45:00+00:00	B	0.6829861111111111	0.05704365079365071	2025-02-17 04:00:00+00:00	[0.50,0.75)
ETH/USDT	2025-02-17 09:30:00+00:00	B	0.7524305555555556	0.07207940301775247	2025-02-17 08:00:00+00:00	[0.75,1.00]
BTC/USDT	2025-02-17 14:00:00+00:00	A	0.2861111111111111	0.020599284747487227	2025-02-17 12:00:00+00:00	[0.25,0.50)
LTC/USDT	2025-02-19 01:00:00+00:00	B	0.7760416666666666	0.07480789513334342	2025-02-19 00:00:00+00:00	[0.75,1.00]
XRP/USDT	2025-02-19 16:15:00+00:00	B	0.5270833333333333	0.04861032545159718	2025-02-19 16:00:00+00:00	[0.50,0.75)
DOGE/USDT	2025-02-19 22:45:00+00:00	A	0.02013888888888889	0.030344827586206838	2025-02-19 20:00:00+00:00	[0.00,0.05)
LINK/USDT	2025-02-20 02:45:00+00:00	B	0.3059027777777778	0.036752605595172884	2025-02-20 00:00:00+00:00	[0.25,0.50)
AVAX/USDT	2025-02-20 10:45:00+00:00	B	0.44340277777777776	0.0701182225845904	2025-02-20 08:00:00+00:00	[0.25,0.50)
ETH/USDT	2025-02-20 14:00:00+00:00	A	0.15902777777777777	0.050053989028270074	2025-02-20 12:00:00+00:00	[0.10,0.25)
LTC/USDT	2025-02-21 02:15:00+00:00	B	0.978125	0.11951960642454046	2025-02-21 00:00:00+00:00	[0.75,1.00]
ETH/USDT	2025-02-21 09:15:00+00:00	A	0.3229166666666667	0.0818237460671987	2025-02-21 08:00:00+00:00	[0.25,0.50)
BTC/USDT	2025-02-21 13:00:00+00:00	B	0.5284722222222222	0.04634712968587502	2025-02-21 12:00:00+00:00	[0.50,0.75)
BNB/USDT	2025-02-22 17:45:00+00:00	B	0.7097222222222223	0.046914207193213	2025-02-22 16:00:00+00:00	[0.50,0.75)
LINK/USDT	2025-02-23 03:30:00+00:00	A	0.03194444444444444	0.07550335570469788	2025-02-23 00:00:00+00:00	[0.00,0.05)
ETH/USDT	2025-02-23 07:15:00+00:00	B	0.715625	0.05902723403043733	2025-02-23 04:00:00+00:00	[0.50,0.75)
ETH/USDT	2025-02-23 23:00:00+00:00	A	0.32395833333333335	0.13631672566527542	2025-02-23 20:00:00+00:00	[0.25,0.50)
XRP/USDT	2025-02-24 00:00:00+00:00	A	0.346875	0.15130996806832608	2025-02-24 00:00:00+00:00	[0.25,0.50)
LTC/USDT	2025-02-26 09:30:00+00:00	B	0.8027777777777778	0.07928042664968565	2025-02-26 08:00:00+00:00	[0.75,1.00]
LINK/USDT	2025-02-26 22:00:00+00:00	B	0.85625	0.06414368184733804	2025-02-26 20:00:00+00:00	[0.75,1.00]
LINK/USDT	2025-02-28 13:30:00+00:00	B	0.59375	0.06412966878083158	2025-02-28 12:00:00+00:00	[0.50,0.75)
BNB/USDT	2025-03-01 14:00:00+00:00	B	0.42777777777777776	0.023661539999666626	2025-03-01 12:00:00+00:00	[0.25,0.50)
ETH/USDT	2025-03-02 09:30:00+00:00	A	0.3684027777777778	0.16807640563185164	2025-03-02 08:00:00+00:00	[0.25,0.50)
AVAX/USDT	2025-03-02 15:15:00+00:00	B	0.4579861111111111	0.12893081761006292	2025-03-02 12:00:00+00:00	[0.25,0.50)
LTC/USDT	2025-03-02 16:30:00+00:00	B	0.9378472222222223	0.13834632903574462	2025-03-02 16:00:00+00:00	[0.75,1.00]
ADA/USDT	2025-03-04 14:30:00+00:00	B	0.8645833333333334	0.27497352629721145	2025-03-04 12:00:00+00:00	[0.75,1.00]
LINK/USDT	2025-03-04 21:15:00+00:00	B	0.9715277777777778	0.12532637075718014	2025-03-04 20:00:00+00:00	[0.75,1.00]
AVAX/USDT	2025-03-05 19:00:00+00:00	B	0.725	0.07980997624703086	2025-03-05 16:00:00+00:00	[0.50,0.75)
BTC/USDT	2025-03-06 01:45:00+00:00	B	0.46041666666666664	0.08943401394222686	2025-03-06 00:00:00+00:00	[0.25,0.50)
LTC/USDT	2025-03-06 04:30:00+00:00	B	0.8774305555555556	0.14319569774860993	2025-03-06 04:00:00+00:00	[0.75,1.00]
AVAX/USDT	2025-03-06 22:00:00+00:00	B	0.3996527777777778	0.08169934640522875	2025-03-06 20:00:00+00:00	[0.25,0.50)
SOL/USDT	2025-03-07 13:30:00+00:00	B	0.50625	0.09756097560975616	2025-03-07 12:00:00+00:00	[0.50,0.75)
ETH/USDT	2025-03-08 17:15:00+00:00	B	0.41423611111111114	0.0965419108083979	2025-03-08 16:00:00+00:00	[0.25,0.50)
SOL/USDT	2025-03-10 09:15:00+00:00	B	0.5024305555555556	0.145051063503033	2025-03-10 08:00:00+00:00	[0.50,0.75)
BNB/USDT	2025-03-12 12:30:00+00:00	A	0.19305555555555556	0.06242544023645451	2025-03-12 12:00:00+00:00	[0.10,0.25)
BNB/USDT	2025-03-13 13:00:00+00:00	A	0.8371527777777777	0.05954565166627756	2025-03-13 12:00:00+00:00	[0.75,1.00]
LINK/USDT	2025-03-14 08:15:00+00:00	A	0.8357638888888889	0.08744710860366715	2025-03-14 08:00:00+00:00	[0.75,1.00]
SOL/USDT	2025-03-14 13:45:00+00:00	A	0.3861111111111111	0.06544157556020778	2025-03-14 12:00:00+00:00	[0.25,0.50)
BNB/USDT	2025-03-15 15:30:00+00:00	A	0.18159722222222222	0.0494118428922709	2025-03-15 12:00:00+00:00	[0.10,0.25)
DOGE/USDT	2025-03-16 16:00:00+00:00	B	0.36944444444444446	0.04902824261640536	2025-03-16 16:00:00+00:00	[0.25,0.50)
BNB/USDT	2025-03-17 02:45:00+00:00	B	0.9517361111111111	0.03753042141667743	2025-03-17 00:00:00+00:00	[0.75,1.00]
DOGE/USDT	2025-03-17 18:30:00+00:00	B	0.6673611111111111	0.07664731990440413	2025-03-17 16:00:00+00:00	[0.50,0.75)
LINK/USDT	2025-03-18 07:00:00+00:00	A	0.259375	0.05815602836879422	2025-03-18 04:00:00+00:00	[0.25,0.50)
LINK/USDT	2025-03-19 10:30:00+00:00	A	0.30486111111111114	0.07268877911079741	2025-03-19 08:00:00+00:00	[0.25,0.50)
ADA/USDT	2025-03-19 13:00:00+00:00	B	0.3607638888888889	0.03919680924219498	2025-03-19 12:00:00+00:00	[0.25,0.50)
BTC/USDT	2025-03-19 18:45:00+00:00	B	0.5545138888888889	0.04436794968009838	2025-03-19 16:00:00+00:00	[0.50,0.75)
BNB/USDT	2025-03-20 09:00:00+00:00	B	0.5086805555555556	0.03343901323364729	2025-03-20 08:00:00+00:00	[0.50,0.75)
AVAX/USDT	2025-03-21 18:30:00+00:00	A	0.30277777777777776	0.04562334217506628	2025-03-21 16:00:00+00:00	[0.25,0.50)
LINK/USDT	2025-03-22 16:15:00+00:00	A	0.09444444444444444	0.024390243902439	2025-03-22 16:00:00+00:00	[0.05,0.10)
DOGE/USDT	2025-03-23 06:30:00+00:00	A	0.03923611111111111	0.041163946061036155	2025-03-23 04:00:00+00:00	[0.00,0.05)
SOL/USDT	2025-03-23 10:15:00+00:00	A	0.09583333333333334	0.08087233075874607	2025-03-23 08:00:00+00:00	[0.05,0.10)
BTC/USDT	2025-03-23 23:45:00+00:00	B	0.4795138888888889	0.037711962361687876	2025-03-23 20:00:00+00:00	[0.25,0.50)
BNB/USDT	2025-03-24 00:00:00+00:00	A	0.03125	0.03507284852943521	2025-03-24 00:00:00+00:00	[0.00,0.05)
BTC/USDT	2025-03-24 04:00:00+00:00	B	0.5315972222222223	0.028314950097153353	2025-03-24 04:00:00+00:00	[0.50,0.75)
SOL/USDT	2025-03-24 10:30:00+00:00	B	0.5857638888888889	0.04788434414668561	2025-03-24 08:00:00+00:00	[0.50,0.75)
DOGE/USDT	2025-03-24 14:00:00+00:00	A	0.45625	0.054560530679933605	2025-03-24 12:00:00+00:00	[0.25,0.50)
BNB/USDT	2025-03-24 16:00:00+00:00	B	0.3885416666666667	0.02237016469994313	2025-03-24 16:00:00+00:00	[0.25,0.50)
LTC/USDT	2025-03-25 13:00:00+00:00	A	0.13576388888888888	0.04094002552105481	2025-03-25 12:00:00+00:00	[0.10,0.25)
XRP/USDT	2025-03-25 17:45:00+00:00	A	0.10694444444444444	0.04075006088156508	2025-03-25 16:00:00+00:00	[0.10,0.25)
BTC/USDT	2025-03-25 20:00:00+00:00	A	0.14930555555555555	0.029493437429282697	2025-03-25 20:00:00+00:00	[0.10,0.25)
XRP/USDT	2025-03-26 01:15:00+00:00	A	0.09583333333333334	0.06065878925218523	2025-03-26 00:00:00+00:00	[0.05,0.10)
LTC/USDT	2025-03-27 10:00:00+00:00	A	0.11909722222222222	0.07400760135135126	2025-03-27 08:00:00+00:00	[0.10,0.25)
BTC/USDT	2025-03-31 12:45:00+00:00	B	0.6340277777777777	0.034418066530915	2025-03-31 12:00:00+00:00	[0.50,0.75)
ETH/USDT	2025-04-01 08:15:00+00:00	B	0.7239583333333334	0.045362159637866904	2025-04-01 08:00:00+00:00	[0.50,0.75)
ADA/USDT	2025-04-01 14:45:00+00:00	A	0.25590277777777776	0.046440082039261574	2025-04-01 12:00:00+00:00	[0.25,0.50)
AVAX/USDT	2025-04-01 23:30:00+00:00	B	0.4909722222222222	0.10797174571140247	2025-04-01 20:00:00+00:00	[0.25,0.50)
BTC/USDT	2025-04-02 13:30:00+00:00	B	0.4204861111111111	0.07847113875429028	2025-04-02 12:00:00+00:00	[0.25,0.50)
SOL/USDT	2025-04-02 20:00:00+00:00	B	0.6913194444444445	0.1792819745699328	2025-04-02 20:00:00+00:00	[0.50,0.75)
XRP/USDT	2025-04-04 13:45:00+00:00	B	0.8947916666666667	0.04640075525135712	2025-04-04 12:00:00+00:00	[0.75,1.00]
BTC/USDT	2025-04-07 13:45:00+00:00	B	0.8736111111111111	0.05015448768443556	2025-04-07 12:00:00+00:00	[0.75,1.00]
SOL/USDT	2025-04-09 07:00:00+00:00	B	0.8638888888888889	0.17377963737796373	2025-04-09 04:00:00+00:00	[0.75,1.00]
ADA/USDT	2025-04-09 17:15:00+00:00	B	0.965625	0.0992478744277305	2025-04-09 16:00:00+00:00	[0.75,1.00]
AVAX/USDT	2025-04-11 12:30:00+00:00	B	0.7399305555555555	0.03815995818086777	2025-04-11 12:00:00+00:00	[0.50,0.75)
BTC/USDT	2025-04-11 17:30:00+00:00	B	0.8697916666666666	0.031091564744539744	2025-04-11 16:00:00+00:00	[0.75,1.00]
ADA/USDT	2025-04-12 13:30:00+00:00	B	0.6951388888888889	0.04328404189772029	2025-04-12 12:00:00+00:00	[0.50,0.75)
SOL/USDT	2025-04-13 17:15:00+00:00	B	0.6545138888888888	0.0824372759856631	2025-04-13 16:00:00+00:00	[0.50,0.75)
LINK/USDT	2025-04-14 00:15:00+00:00	B	0.6979166666666666	0.05663304887509701	2025-04-14 00:00:00+00:00	[0.50,0.75)
BNB/USDT	2025-04-15 04:45:00+00:00	A	0.29965277777777777	0.025208942039817953	2025-04-15 04:00:00+00:00	[0.25,0.50)
XRP/USDT	2025-04-15 09:00:00+00:00	A	0.26944444444444443	0.06878939861040823	2025-04-15 08:00:00+00:00	[0.25,0.50)
BNB/USDT	2025-04-16 11:45:00+00:00	A	0.18229166666666666	0.018038447662732566	2025-04-16 08:00:00+00:00	[0.10,0.25)
ETH/USDT	2025-04-16 15:15:00+00:00	B	0.6222222222222222	0.04656667331074346	2025-04-16 12:00:00+00:00	[0.50,0.75)
SOL/USDT	2025-04-16 19:45:00+00:00	B	0.846875	0.05058512646281608	2025-04-16 16:00:00+00:00	[0.75,1.00]
BNB/USDT	2025-04-17 09:00:00+00:00	A	0.03263888888888889	0.015306995040191628	2025-04-17 08:00:00+00:00	[0.00,0.05)
ADA/USDT	2025-04-18 22:00:00+00:00	A	0.16319444444444445	0.025011872724394545	2025-04-18 20:00:00+00:00	[0.10,0.25)
ETH/USDT	2025-04-19 04:15:00+00:00	A	0.3958333333333333	0.02342251764136365	2025-04-19 04:00:00+00:00	[0.25,0.50)
AVAX/USDT	2025-04-19 09:00:00+00:00	B	0.5347222222222222	0.04580152671755718	2025-04-19 08:00:00+00:00	[0.50,0.75)
ETH/USDT	2025-04-19 15:15:00+00:00	A	0.26319444444444445	0.04111000744971444	2025-04-19 12:00:00+00:00	[0.25,0.50)
LINK/USDT	2025-04-20 14:45:00+00:00	B	0.4979166666666667	0.04939209726443758	2025-04-20 12:00:00+00:00	[0.25,0.50)
BTC/USDT	2025-04-21 00:15:00+00:00	B	0.66875	0.02608689298125685	2025-04-21 00:00:00+00:00	[0.50,0.75)
LTC/USDT	2025-04-21 07:00:00+00:00	A	0.24479166666666666	0.056092357886811384	2025-04-21 04:00:00+00:00	[0.10,0.25)
AVAX/USDT	2025-04-21 08:00:00+00:00	B	0.90625	0.06851940584571153	2025-04-21 08:00:00+00:00	[0.75,1.00]
DOGE/USDT	2025-04-22 07:15:00+00:00	A	0.365625	0.1369292062519154	2025-04-22 04:00:00+00:00	[0.25,0.50)
LINK/USDT	2025-04-22 13:00:00+00:00	B	0.5836805555555555	0.1261922230374175	2025-04-22 12:00:00+00:00	[0.50,0.75)
BTC/USDT	2025-04-22 21:45:00+00:00	B	0.7420138888888889	0.02967154231207462	2025-04-22 20:00:00+00:00	[0.50,0.75)
DOGE/USDT	2025-04-23 00:15:00+00:00	B	0.9600694444444444	0.05756731662024138	2025-04-23 00:00:00+00:00	[0.75,1.00]
XRP/USDT	2025-04-24 13:30:00+00:00	B	0.5354166666666667	0.037944591752765724	2025-04-24 12:00:00+00:00	[0.50,0.75)
BTC/USDT	2025-04-24 23:30:00+00:00	A	0.14930555555555555	0.0309113110550797	2025-04-24 20:00:00+00:00	[0.10,0.25)
SOL/USDT	2025-04-25 01:00:00+00:00	B	0.48333333333333334	0.046373983739837366	2025-04-25 00:00:00+00:00	[0.25,0.50)
BTC/USDT	2025-04-25 07:45:00+00:00	A	0.26006944444444446	0.023655396595965446	2025-04-25 04:00:00+00:00	[0.25,0.50)
SOL/USDT	2025-04-25 12:00:00+00:00	A	0.24409722222222222	0.05330339961513792	2025-04-25 12:00:00+00:00	[0.10,0.25)
XRP/USDT	2025-04-26 06:30:00+00:00	A	0.259375	0.040656269719642944	2025-04-26 04:00:00+00:00	[0.25,0.50)
ETH/USDT	2025-04-26 08:15:00+00:00	A	0.4777777777777778	0.04295012032378034	2025-04-26 08:00:00+00:00	[0.25,0.50)
ADA/USDT	2025-04-27 00:15:00+00:00	A	0.1798611111111111	0.038063252169045624	2025-04-27 00:00:00+00:00	[0.10,0.25)
XRP/USDT	2025-04-27 12:30:00+00:00	A	0.6111111111111112	0.06819502167404035	2025-04-27 12:00:00+00:00	[0.50,0.75)
ETH/USDT	2025-04-28 10:30:00+00:00	A	0.2482638888888889	0.0539916935856022	2025-04-28 08:00:00+00:00	[0.10,0.25)
ETH/USDT	2025-04-29 06:15:00+00:00	A	0.228125	0.03447800455515542	2025-04-29 04:00:00+00:00	[0.10,0.25)
BTC/USDT	2025-04-29 16:30:00+00:00	A	0.1857638888888889	0.02669998327813167	2025-04-29 16:00:00+00:00	[0.10,0.25)
LTC/USDT	2025-05-01 07:30:00+00:00	A	0.0954861111111111	0.07227781047675104	2025-05-01 04:00:00+00:00	[0.05,0.10)
ETH/USDT	2025-05-01 10:15:00+00:00	A	0.44340277777777776	0.03267107928044354	2025-05-01 08:00:00+00:00	[0.25,0.50)
DOGE/USDT	2025-05-01 14:45:00+00:00	B	0.43333333333333335	0.029094115054000478	2025-05-01 12:00:00+00:00	[0.25,0.50)
LTC/USDT	2025-05-01 16:00:00+00:00	B	0.6892361111111112	0.03510351035103516	2025-05-01 16:00:00+00:00	[0.50,0.75)
LTC/USDT	2025-05-01 20:30:00+00:00	B	0.7409722222222223	0.04094732182381588	2025-05-01 20:00:00+00:00	[0.50,0.75)
AVAX/USDT	2025-05-02 00:15:00+00:00	A	0.1875	0.055606198723792265	2025-05-02 00:00:00+00:00	[0.10,0.25)
BNB/USDT	2025-05-02 11:00:00+00:00	B	0.37777777777777777	0.01109574663045827	2025-05-02 08:00:00+00:00	[0.25,0.50)
LINK/USDT	2025-05-02 14:15:00+00:00	A	0.08368055555555555	0.05016949152542374	2025-05-02 12:00:00+00:00	[0.05,0.10)
ETH/USDT	2025-05-02 16:00:00+00:00	A	0.4201388888888889	0.027053882181068134	2025-05-02 16:00:00+00:00	[0.25,0.50)
ADA/USDT	2025-05-03 15:00:00+00:00	B	0.896875	0.06459165404214288	2025-05-03 12:00:00+00:00	[0.75,1.00]
SOL/USDT	2025-05-06 22:00:00+00:00	B	0.328125	0.03333790643435303	2025-05-06 20:00:00+00:00	[0.25,0.50)
ETH/USDT	2025-05-07 00:15:00+00:00	B	0.9034722222222222	0.03429090928886784	2025-05-07 00:00:00+00:00	[0.75,1.00]
BNB/USDT	2025-05-07 12:00:00+00:00	A	0.25972222222222224	0.032864235688685774	2025-05-07 12:00:00+00:00	[0.25,0.50)
BTC/USDT	2025-05-08 00:45:00+00:00	B	0.7024305555555556	0.06695059149528568	2025-05-08 00:00:00+00:00	[0.50,0.75)
XRP/USDT	2025-05-08 04:00:00+00:00	B	0.9104166666666667	0.07487604057680938	2025-05-08 04:00:00+00:00	[0.75,1.00]
SOL/USDT	2025-05-08 14:30:00+00:00	A	0.2635416666666667	0.12576608784473964	2025-05-08 12:00:00+00:00	[0.25,0.50)
ETH/USDT	2025-05-08 19:45:00+00:00	B	0.9159722222222222	0.17903703318963282	2025-05-08 16:00:00+00:00	[0.75,1.00]
DOGE/USDT	2025-05-09 07:00:00+00:00	B	0.8378472222222222	0.1270795053880916	2025-05-09 04:00:00+00:00	[0.75,1.00]
AVAX/USDT	2025-05-09 08:15:00+00:00	B	0.9788194444444445	0.06871532223644897	2025-05-09 08:00:00+00:00	[0.75,1.00]
LTC/USDT	2025-05-10 00:00:00+00:00	B	0.9524305555555556	0.06244620828153392	2025-05-10 00:00:00+00:00	[0.75,1.00]
XRP/USDT	2025-05-10 10:00:00+00:00	B	0.7149305555555555	0.059096176129779764	2025-05-10 08:00:00+00:00	[0.50,0.75)
ADA/USDT	2025-05-10 17:00:00+00:00	B	0.7770833333333333	0.07913233155598645	2025-05-10 16:00:00+00:00	[0.75,1.00]
BTC/USDT	2025-05-10 23:00:00+00:00	B	0.4892361111111111	0.015766188324360195	2025-05-10 20:00:00+00:00	[0.25,0.50)
BTC/USDT	2025-05-12 01:00:00+00:00	B	0.5892361111111111	0.04869859090388362	2025-05-12 00:00:00+00:00	[0.50,0.75)
AVAX/USDT	2025-05-12 06:45:00+00:00	B	0.590625	0.1326810176125245	2025-05-12 04:00:00+00:00	[0.50,0.75)
BNB/USDT	2025-05-12 08:30:00+00:00	B	0.9888888888888889	0.07802391103425663	2025-05-12 08:00:00+00:00	[0.75,1.00]
XRP/USDT	2025-05-12 12:00:00+00:00	B	0.9284722222222223	0.09358835558763384	2025-05-12 12:00:00+00:00	[0.75,1.00]
ETH/USDT	2025-05-13 12:30:00+00:00	B	0.8597222222222223	0.08645758160114511	2025-05-13 12:00:00+00:00	[0.75,1.00]
SOL/USDT	2025-05-13 19:15:00+00:00	B	0.9194444444444444	0.06441446422647354	2025-05-13 16:00:00+00:00	[0.75,1.00]
AVAX/USDT	2025-05-14 04:45:00+00:00	B	0.6916666666666667	0.08229520573801434	2025-05-14 04:00:00+00:00	[0.50,0.75)
ADA/USDT	2025-05-15 16:45:00+00:00	B	0.9305555555555556	0.055463891356771114	2025-05-15 16:00:00+00:00	[0.75,1.00]
BTC/USDT	2025-05-16 15:00:00+00:00	A	0.26875	0.018615101322393347	2025-05-16 12:00:00+00:00	[0.25,0.50)
ADA/USDT	2025-05-17 07:00:00+00:00	B	0.9104166666666667	0.07025430259440017	2025-05-17 04:00:00+00:00	[0.75,1.00]
ETH/USDT	2025-05-18 08:15:00+00:00	B	0.6354166666666666	0.10468302107913788	2025-05-18 08:00:00+00:00	[0.50,0.75)
BTC/USDT	2025-05-18 13:30:00+00:00	A	0.19409722222222223	0.04890504010195669	2025-05-18 12:00:00+00:00	[0.10,0.25)
BTC/USDT	2025-05-18 23:45:00+00:00	B	0.978125	0.04798887334334949	2025-05-18 20:00:00+00:00	[0.75,1.00]
BTC/USDT	2025-05-20 17:00:00+00:00	B	0.825	0.04358936611731185	2025-05-20 16:00:00+00:00	[0.75,1.00]
BNB/USDT	2025-05-21 03:00:00+00:00	A	0.22916666666666666	0.05599877731927249	2025-05-21 00:00:00+00:00	[0.10,0.25)
DOGE/USDT	2025-05-21 04:30:00+00:00	B	0.6336805555555556	0.09118435850852157	2025-05-21 04:00:00+00:00	[0.50,0.75)
LINK/USDT	2025-05-21 11:00:00+00:00	B	0.8458333333333333	0.07487623762376243	2025-05-21 08:00:00+00:00	[0.75,1.00]
BTC/USDT	2025-05-21 14:30:00+00:00	B	0.8229166666666666	0.053463889586040446	2025-05-21 12:00:00+00:00	[0.75,1.00]
SOL/USDT	2025-05-21 23:15:00+00:00	B	0.8371527777777777	0.04759988502443232	2025-05-21 20:00:00+00:00	[0.75,1.00]
AVAX/USDT	2025-05-22 10:00:00+00:00	B	0.8621527777777778	0.05227181342983517	2025-05-22 08:00:00+00:00	[0.75,1.00]
SOL/USDT	2025-05-23 00:00:00+00:00	A	0.42083333333333334	0.07995582551076763	2025-05-23 00:00:00+00:00	[0.25,0.50)
SOL/USDT	2025-05-23 08:30:00+00:00	B	0.8284722222222223	0.08170829975825951	2025-05-23 08:00:00+00:00	[0.75,1.00]
AVAX/USDT	2025-05-25 22:00:00+00:00	A	0.28020833333333334	0.05487269534679543	2025-05-25 20:00:00+00:00	[0.25,0.50)
BNB/USDT	2025-05-26 12:45:00+00:00	A	0.08402777777777778	0.02638120320776498	2025-05-26 12:00:00+00:00	[0.05,0.10)
ETH/USDT	2025-05-27 06:00:00+00:00	B	0.7149305555555555	0.056810272226302784	2025-05-27 04:00:00+00:00	[0.50,0.75)
LINK/USDT	2025-05-27 13:00:00+00:00	A	0.02361111111111111	0.028089887640449396	2025-05-27 12:00:00+00:00	[0.00,0.05)
AVAX/USDT	2025-05-29 00:15:00+00:00	B	0.8434027777777777	0.09324894514767937	2025-05-29 00:00:00+00:00	[0.75,1.00]
BNB/USDT	2025-06-01 14:15:00+00:00	A	0.2298611111111111	0.02168729940394323	2025-06-01 12:00:00+00:00	[0.10,0.25)
LINK/USDT	2025-06-01 16:00:00+00:00	B	0.47291666666666665	0.03558718861209964	2025-06-01 16:00:00+00:00	[0.25,0.50)
LTC/USDT	2025-06-02 07:00:00+00:00	A	0.63125	0.03588943379402584	2025-06-02 04:00:00+00:00	[0.50,0.75)
ETH/USDT	2025-06-02 13:30:00+00:00	A	0.2701388888888889	0.061344490978868293	2025-06-02 12:00:00+00:00	[0.25,0.50)
ADA/USDT	2025-06-02 22:00:00+00:00	B	0.6774305555555555	0.04846901755913524	2025-06-02 20:00:00+00:00	[0.50,0.75)
BNB/USDT	2025-06-03 01:15:00+00:00	B	0.8444444444444444	0.024260082353465735	2025-06-03 00:00:00+00:00	[0.75,1.00]
XRP/USDT	2025-06-03 11:00:00+00:00	A	0.15868055555555555	0.035369774919613975	2025-06-03 08:00:00+00:00	[0.10,0.25)
SOL/USDT	2025-06-03 14:45:00+00:00	A	0.27847222222222223	0.05821435136956921	2025-06-03 12:00:00+00:00	[0.25,0.50)
ETH/USDT	2025-06-04 15:30:00+00:00	B	0.6239583333333333	0.04384295508185674	2025-06-04 12:00:00+00:00	[0.50,0.75)
BNB/USDT	2025-06-05 08:00:00+00:00	A	0.12777777777777777	0.06791506137442868	2025-06-05 08:00:00+00:00	[0.10,0.25)
BTC/USDT	2025-06-07 12:30:00+00:00	A	0.35625	0.00886053849836094	2025-06-07 12:00:00+00:00	[0.25,0.50)
LINK/USDT	2025-06-07 22:30:00+00:00	A	0.017361111111111112	0.03093525179856113	2025-06-07 20:00:00+00:00	[0.00,0.05)
ADA/USDT	2025-06-08 12:00:00+00:00	B	0.5642361111111112	0.03456014362657093	2025-06-08 12:00:00+00:00	[0.50,0.75)
AVAX/USDT	2025-06-08 18:30:00+00:00	B	0.6930555555555555	0.05990566037735847	2025-06-08 16:00:00+00:00	[0.50,0.75)
LINK/USDT	2025-06-09 09:30:00+00:00	A	0.19027777777777777	0.06676342525399129	2025-06-09 08:00:00+00:00	[0.10,0.25)
ADA/USDT	2025-06-09 16:15:00+00:00	B	0.4045138888888889	0.05443873807776966	2025-06-09 16:00:00+00:00	[0.25,0.50)
DOGE/USDT	2025-06-09 21:00:00+00:00	A	0.3902777777777778	0.04589562024652509	2025-06-09 20:00:00+00:00	[0.25,0.50)
LINK/USDT	2025-06-10 11:15:00+00:00	A	0.6982638888888889	0.048225050234427254	2025-06-10 08:00:00+00:00	[0.50,0.75)
SOL/USDT	2025-06-10 18:45:00+00:00	A	0.8395833333333333	0.03641354071363238	2025-06-10 16:00:00+00:00	[0.75,1.00]
DOGE/USDT	2025-06-10 23:15:00+00:00	B	0.5305555555555556	0.07836879432624105	2025-06-10 20:00:00+00:00	[0.50,0.75)
BNB/USDT	2025-06-11 06:15:00+00:00	A	0.011458333333333333	0.015771602180323353	2025-06-11 04:00:00+00:00	[0.00,0.05)
XRP/USDT	2025-06-11 08:00:00+00:00	A	0.10138888888888889	0.04613719974031586	2025-06-11 08:00:00+00:00	[0.10,0.25)
AVAX/USDT	2025-06-11 12:30:00+00:00	B	0.5954861111111112	0.09042316258351898	2025-06-11 12:00:00+00:00	[0.50,0.75)
ADA/USDT	2025-06-15 14:45:00+00:00	B	0.3888888888888889	0.051811023622047134	2025-06-15 12:00:00+00:00	[0.25,0.50)
LINK/USDT	2025-06-15 22:00:00+00:00	B	0.3951388888888889	0.07541478129713423	2025-06-15 20:00:00+00:00	[0.25,0.50)
AVAX/USDT	2025-06-16 01:45:00+00:00	B	0.5399305555555556	0.0672529746508019	2025-06-16 00:00:00+00:00	[0.50,0.75)
ETH/USDT	2025-06-16 07:00:00+00:00	B	0.8326388888888889	0.059235264372535894	2025-06-16 04:00:00+00:00	[0.75,1.00]
ETH/USDT	2025-06-16 13:45:00+00:00	B	0.3454861111111111	0.059014480896050485	2025-06-16 12:00:00+00:00	[0.25,0.50)
XRP/USDT	2025-06-16 16:00:00+00:00	B	0.9722222222222222	0.0746011953390378	2025-06-16 16:00:00+00:00	[0.75,1.00]
ETH/USDT	2025-06-20 07:15:00+00:00	A	0.23472222222222222	0.07957191226727066	2025-06-20 04:00:00+00:00	[0.10,0.25)
SOL/USDT	2025-06-23 13:30:00+00:00	B	0.5204861111111111	0.11931525971640569	2025-06-23 12:00:00+00:00	[0.50,0.75)
AVAX/USDT	2025-06-23 20:15:00+00:00	B	0.9920138888888889	0.0642978003384093	2025-06-23 20:00:00+00:00	[0.75,1.00]
LINK/USDT	2025-06-24 14:00:00+00:00	A	0.3263888888888889	0.04487658937920715	2025-06-24 12:00:00+00:00	[0.25,0.50)
BNB/USDT	2025-06-25 01:30:00+00:00	A	0.10138888888888889	0.016711840780608632	2025-06-25 00:00:00+00:00	[0.10,0.25)
SOL/USDT	2025-06-25 07:15:00+00:00	A	0.24444444444444444	0.039025383466811454	2025-06-25 04:00:00+00:00	[0.10,0.25)
LTC/USDT	2025-06-25 13:15:00+00:00	B	0.3802083333333333	0.02403000820536862	2025-06-25 12:00:00+00:00	[0.25,0.50)
ETH/USDT	2025-06-26 02:45:00+00:00	B	0.8947916666666667	0.055504752737336	2025-06-26 00:00:00+00:00	[0.75,1.00]
AVAX/USDT	2025-06-27 16:30:00+00:00	B	0.34131944444444445	0.046511627906976764	2025-06-27 16:00:00+00:00	[0.25,0.50)
XRP/USDT	2025-06-27 21:15:00+00:00	B	0.8729166666666667	0.03793520759635083	2025-06-27 20:00:00+00:00	[0.75,1.00]
ADA/USDT	2025-06-28 06:45:00+00:00	A	0.012847222222222222	0.023830695358349578	2025-06-28 04:00:00+00:00	[0.00,0.05)
LTC/USDT	2025-06-28 15:30:00+00:00	A	0.1986111111111111	0.0180953485674516	2025-06-28 12:00:00+00:00	[0.10,0.25)
SOL/USDT	2025-06-28 17:45:00+00:00	B	0.915625	0.0209633962016166	2025-06-28 16:00:00+00:00	[0.75,1.00]
BTC/USDT	2025-06-29 00:45:00+00:00	A	0.04722222222222222	0.015049603669361483	2025-06-29 00:00:00+00:00	[0.00,0.05)
BTC/USDT	2025-06-29 08:30:00+00:00	A	0.115625	0.014300811158419706	2025-06-29 08:00:00+00:00	[0.10,0.25)
ADA/USDT	2025-06-29 22:00:00+00:00	A	0.43333333333333335	0.06065949567977426	2025-06-29 20:00:00+00:00	[0.25,0.50)
LINK/USDT	2025-06-30 14:00:00+00:00	A	0.17881944444444445	0.050262565641410344	2025-06-30 12:00:00+00:00	[0.10,0.25)
BNB/USDT	2025-06-30 16:45:00+00:00	B	0.6291666666666667	0.02181243734240668	2025-06-30 16:00:00+00:00	[0.50,0.75)
DOGE/USDT	2025-07-02 14:00:00+00:00	A	0.2708333333333333	0.08157490003075973	2025-07-02 12:00:00+00:00	[0.25,0.50)
BNB/USDT	2025-07-02 16:00:00+00:00	B	0.8079861111111111	0.012281679952982981	2025-07-02 16:00:00+00:00	[0.75,1.00]
ETH/USDT	2025-07-03 13:30:00+00:00	B	0.4576388888888889	0.0412336931859349	2025-07-03 12:00:00+00:00	[0.25,0.50)
AVAX/USDT	2025-07-04 01:30:00+00:00	A	0.10243055555555555	0.07375734901122388	2025-07-04 00:00:00+00:00	[0.10,0.25)
SOL/USDT	2025-07-06 06:00:00+00:00	A	0.013194444444444444	0.04807627290553781	2025-07-06 04:00:00+00:00	[0.00,0.05)
XRP/USDT	2025-07-06 08:30:00+00:00	B	0.38298611111111114	0.02284874398717259	2025-07-06 08:00:00+00:00	[0.25,0.50)
AVAX/USDT	2025-07-06 12:30:00+00:00	A	0.07743055555555556	0.03790412486064658	2025-07-06 12:00:00+00:00	[0.05,0.10)
AVAX/USDT	2025-07-06 22:00:00+00:00	B	0.6868055555555556	0.04308023694130322	2025-07-06 20:00:00+00:00	[0.50,0.75)
LINK/USDT	2025-07-07 06:45:00+00:00	A	0.20625	0.03877103145574259	2025-07-07 04:00:00+00:00	[0.10,0.25)
XRP/USDT	2025-07-07 13:45:00+00:00	B	0.8288194444444444	0.04488820617852875	2025-07-07 12:00:00+00:00	[0.75,1.00]
DOGE/USDT	2025-07-08 11:00:00+00:00	B	0.5416666666666666	0.030808879517366525	2025-07-08 08:00:00+00:00	[0.50,0.75)
ETH/USDT	2025-07-08 17:00:00+00:00	B	0.6211805555555555	0.032530931739752446	2025-07-08 16:00:00+00:00	[0.50,0.75)
AVAX/USDT	2025-07-09 05:30:00+00:00	B	0.525	0.0713128038897893	2025-07-09 04:00:00+00:00	[0.50,0.75)
LTC/USDT	2025-07-09 12:00:00+00:00	A	0.346875	0.03967985570961556	2025-07-09 12:00:00+00:00	[0.25,0.50)
LTC/USDT	2025-07-09 18:00:00+00:00	A	0.2170138888888889	0.05010672958094589	2025-07-09 16:00:00+00:00	[0.10,0.25)
DOGE/USDT	2025-07-09 20:30:00+00:00	B	0.9232638888888889	0.04800615181808194	2025-07-09 20:00:00+00:00	[0.75,1.00]
AVAX/USDT	2025-07-10 12:45:00+00:00	A	0.0625	0.09354346720894761	2025-07-10 12:00:00+00:00	[0.05,0.10)
XRP/USDT	2025-07-10 16:15:00+00:00	B	0.65	0.20694821233348176	2025-07-10 16:00:00+00:00	[0.50,0.75)
DOGE/USDT	2025-07-10 21:15:00+00:00	B	0.821875	0.12147425815245882	2025-07-10 20:00:00+00:00	[0.75,1.00]
XRP/USDT	2025-07-11 12:45:00+00:00	B	0.9444444444444444	0.11702285544672007	2025-07-11 12:00:00+00:00	[0.75,1.00]
AVAX/USDT	2025-07-13 01:45:00+00:00	B	0.803125	0.04316888045540798	2025-07-13 00:00:00+00:00	[0.75,1.00]
BTC/USDT	2025-07-13 12:45:00+00:00	A	0.3246527777777778	0.042751834785346665	2025-07-13 12:00:00+00:00	[0.25,0.50)
AVAX/USDT	2025-07-13 18:45:00+00:00	B	0.66875	0.05032317636195752	2025-07-13 16:00:00+00:00	[0.50,0.75)
BTC/USDT	2025-07-14 02:15:00+00:00	B	0.7767361111111111	0.04498320225117117	2025-07-14 00:00:00+00:00	[0.75,1.00]
BNB/USDT	2025-07-14 07:15:00+00:00	B	0.9361111111111111	0.045781798043197354	2025-07-14 04:00:00+00:00	[0.75,1.00]
DOGE/USDT	2025-07-16 00:30:00+00:00	B	0.915625	0.12511791867335287	2025-07-16 00:00:00+00:00	[0.75,1.00]
BNB/USDT	2025-07-16 14:30:00+00:00	B	0.5618055555555556	0.04475279884175976	2025-07-16 12:00:00+00:00	[0.50,0.75)
XRP/USDT	2025-07-16 17:15:00+00:00	B	0.6645833333333333	0.10426853442579632	2025-07-16 16:00:00+00:00	[0.50,0.75)
ADA/USDT	2025-07-16 20:15:00+00:00	B	0.8072916666666666	0.10958376156217889	2025-07-16 20:00:00+00:00	[0.75,1.00]
ADA/USDT	2025-07-17 09:00:00+00:00	B	0.953125	0.13800451240912506	2025-07-17 08:00:00+00:00	[0.75,1.00]
XRP/USDT	2025-07-17 21:00:00+00:00	B	0.9538194444444444	0.09195402298850568	2025-07-17 20:00:00+00:00	[0.75,1.00]
DOGE/USDT	2025-07-18 00:30:00+00:00	B	0.9788194444444445	0.1364968039772726	2025-07-18 00:00:00+00:00	[0.75,1.00]
SOL/USDT	2025-07-18 05:00:00+00:00	B	0.8104166666666667	0.062001627339300126	2025-07-18 04:00:00+00:00	[0.75,1.00]
LTC/USDT	2025-07-18 09:45:00+00:00	B	0.8326388888888889	0.10175123484508306	2025-07-18 08:00:00+00:00	[0.75,1.00]
LTC/USDT	2025-07-19 19:00:00+00:00	B	0.9770833333333333	0.1542109256449166	2025-07-19 16:00:00+00:00	[0.75,1.00]
SOL/USDT	2025-07-20 01:00:00+00:00	B	0.6253472222222223	0.037483266398929044	2025-07-20 00:00:00+00:00	[0.50,0.75)
ETH/USDT	2025-07-20 08:30:00+00:00	B	0.6121527777777778	0.03859006958953513	2025-07-20 08:00:00+00:00	[0.50,0.75)
LINK/USDT	2025-07-20 15:30:00+00:00	B	0.7055555555555556	0.07052896725440816	2025-07-20 12:00:00+00:00	[0.50,0.75)
DOGE/USDT	2025-07-20 16:00:00+00:00	B	0.7881944444444444	0.10752442872894576	2025-07-20 16:00:00+00:00	[0.75,1.00]
BNB/USDT	2025-07-20 22:30:00+00:00	B	0.8534722222222222	0.04730681623678433	2025-07-20 20:00:00+00:00	[0.75,1.00]
XRP/USDT	2025-07-21 06:15:00+00:00	B	0.7413194444444444	0.06379402123665705	2025-07-21 04:00:00+00:00	[0.50,0.75)
ADA/USDT	2025-07-21 11:45:00+00:00	B	0.7017361111111111	0.09323059988992845	2025-07-21 08:00:00+00:00	[0.50,0.75)
SOL/USDT	2025-07-22 01:15:00+00:00	B	0.7451388888888889	0.06142198154833534	2025-07-22 00:00:00+00:00	[0.50,0.75)
BTC/USDT	2025-07-22 07:00:00+00:00	B	0.8086805555555555	0.023328214771636494	2025-07-22 04:00:00+00:00	[0.75,1.00]
BTC/USDT	2025-07-22 18:45:00+00:00	B	0.7114583333333333	0.024611285261483238	2025-07-22 16:00:00+00:00	[0.50,0.75)
BNB/USDT	2025-07-22 23:15:00+00:00	B	0.7395833333333334	0.0730977014423322	2025-07-22 20:00:00+00:00	[0.50,0.75)
ETH/USDT	2025-07-24 14:30:00+00:00	B	0.6802083333333333	0.053463441078809994	2025-07-24 12:00:00+00:00	[0.50,0.75)
AVAX/USDT	2025-07-26 18:30:00+00:00	B	0.6368055555555555	0.040824415378517685	2025-07-26 16:00:00+00:00	[0.50,0.75)
XRP/USDT	2025-07-27 05:15:00+00:00	B	0.42465277777777777	0.04139723399647299	2025-07-27 04:00:00+00:00	[0.25,0.50)
ETH/USDT	2025-07-27 10:30:00+00:00	A	0.37743055555555555	0.03913644358824021	2025-07-27 08:00:00+00:00	[0.25,0.50)
BNB/USDT	2025-07-27 15:45:00+00:00	B	0.8475694444444445	0.05957201403715437	2025-07-27 12:00:00+00:00	[0.75,1.00]
XRP/USDT	2025-07-27 16:00:00+00:00	B	0.3541666666666667	0.059101214323426236	2025-07-27 16:00:00+00:00	[0.25,0.50)
SOL/USDT	2025-07-27 22:00:00+00:00	B	0.49166666666666664	0.06641076874539907	2025-07-27 20:00:00+00:00	[0.25,0.50)
ADA/USDT	2025-07-28 00:15:00+00:00	B	0.4361111111111111	0.08308570070129556	2025-07-28 00:00:00+00:00	[0.25,0.50)
DOGE/USDT	2025-07-28 05:15:00+00:00	B	0.7586805555555556	0.10600621193174942	2025-07-28 04:00:00+00:00	[0.75,1.00]
BTC/USDT	2025-07-30 14:45:00+00:00	B	0.7243055555555555	0.026333968892555962	2025-07-30 12:00:00+00:00	[0.50,0.75)
SOL/USDT	2025-08-03 23:00:00+00:00	A	0.08506944444444445	0.052531217321769214	2025-08-03 20:00:00+00:00	[0.05,0.10)
ADA/USDT	2025-08-04 07:45:00+00:00	A	0.12430555555555556	0.03520841764467829	2025-08-04 04:00:00+00:00	[0.10,0.25)
LTC/USDT	2025-08-04 09:15:00+00:00	B	0.4440972222222222	0.13155326887252738	2025-08-04 08:00:00+00:00	[0.25,0.50)
ETH/USDT	2025-08-04 13:30:00+00:00	A	0.3194444444444444	0.039905615123762325	2025-08-04 12:00:00+00:00	[0.25,0.50)
SOL/USDT	2025-08-04 17:00:00+00:00	B	0.91875	0.05301645338208398	2025-08-04 16:00:00+00:00	[0.75,1.00]
AVAX/USDT	2025-08-04 21:30:00+00:00	B	0.625	0.065910082933217	2025-08-04 20:00:00+00:00	[0.50,0.75)
LTC/USDT	2025-08-05 02:00:00+00:00	B	0.390625	0.09173337689919939	2025-08-05 00:00:00+00:00	[0.25,0.50)
SOL/USDT	2025-08-06 14:00:00+00:00	A	0.13576388888888888	0.05752694683299019	2025-08-06 12:00:00+00:00	[0.10,0.25)
ETH/USDT	2025-08-07 01:15:00+00:00	A	0.08541666666666667	0.07806906078093338	2025-08-07 00:00:00+00:00	[0.05,0.10)
LTC/USDT	2025-08-07 04:15:00+00:00	B	0.7440972222222222	0.05758818703855616	2025-08-07 04:00:00+00:00	[0.50,0.75)
DOGE/USDT	2025-08-07 10:00:00+00:00	A	0.21979166666666666	0.08371116307927266	2025-08-07 08:00:00+00:00	[0.10,0.25)
LINK/USDT	2025-08-07 13:00:00+00:00	B	0.9791666666666666	0.11267605633802817	2025-08-07 12:00:00+00:00	[0.75,1.00]
XRP/USDT	2025-08-07 21:15:00+00:00	B	0.9128472222222223	0.06583003082342576	2025-08-07 20:00:00+00:00	[0.75,1.00]
ETH/USDT	2025-08-08 03:15:00+00:00	A	0.3840277777777778	0.04720659718268517	2025-08-08 00:00:00+00:00	[0.25,0.50)
BNB/USDT	2025-08-08 13:45:00+00:00	A	0.2972222222222222	0.0475758263368883	2025-08-08 12:00:00+00:00	[0.25,0.50)
SOL/USDT	2025-08-09 05:00:00+00:00	A	0.3875	0.04029527668313271	2025-08-09 04:00:00+00:00	[0.25,0.50)
BTC/USDT	2025-08-09 09:45:00+00:00	B	0.5979166666666667	0.020269444009732927	2025-08-09 08:00:00+00:00	[0.50,0.75)
DOGE/USDT	2025-08-09 12:15:00+00:00	A	0.45069444444444445	0.07135806531216585	2025-08-09 12:00:00+00:00	[0.25,0.50)
DOGE/USDT	2025-08-09 17:30:00+00:00	B	0.5885416666666666	0.07068937418513692	2025-08-09 16:00:00+00:00	[0.50,0.75)
SOL/USDT	2025-08-10 01:30:00+00:00	B	0.6670138888888889	0.047007156798959095	2025-08-10 00:00:00+00:00	[0.50,0.75)
LINK/USDT	2025-08-10 06:45:00+00:00	B	0.9868055555555556	0.0685840707964602	2025-08-10 04:00:00+00:00	[0.75,1.00]
LTC/USDT	2025-08-10 14:30:00+00:00	B	0.6756944444444445	0.04889425010052282	2025-08-10 12:00:00+00:00	[0.50,0.75)
ETH/USDT	2025-08-11 01:30:00+00:00	B	0.8048611111111111	0.0463395277169271	2025-08-11 00:00:00+00:00	[0.75,1.00]
XRP/USDT	2025-08-11 08:15:00+00:00	A	0.284375	0.0660573703737218	2025-08-11 08:00:00+00:00	[0.25,0.50)
AVAX/USDT	2025-08-11 16:00:00+00:00	B	0.7173611111111111	0.06897993311036797	2025-08-11 16:00:00+00:00	[0.50,0.75)
ADA/USDT	2025-08-12 12:30:00+00:00	B	0.6170138888888889	0.13064312736443873	2025-08-12 12:00:00+00:00	[0.50,0.75)
XRP/USDT	2025-08-12 20:15:00+00:00	B	0.6927083333333334	0.04022482150994989	2025-08-12 20:00:00+00:00	[0.50,0.75)
SOL/USDT	2025-08-13 02:30:00+00:00	B	0.6954861111111111	0.05565711964249446	2025-08-13 00:00:00+00:00	[0.50,0.75)
BNB/USDT	2025-08-13 07:00:00+00:00	B	0.6118055555555556	0.0329892069450962	2025-08-13 04:00:00+00:00	[0.50,0.75)
XRP/USDT	2025-08-13 13:15:00+00:00	A	0.11875	0.108186958614052	2025-08-13 12:00:00+00:00	[0.10,0.25)
ADA/USDT	2025-08-14 00:00:00+00:00	B	0.9625	0.15217157021230748	2025-08-14 00:00:00+00:00	[0.75,1.00]
BNB/USDT	2025-08-14 06:30:00+00:00	B	0.5711805555555556	0.056483442712131154	2025-08-14 04:00:00+00:00	[0.50,0.75)
LINK/USDT	2025-08-16 15:00:00+00:00	B	0.6215277777777778	0.1712732215677389	2025-08-16 12:00:00+00:00	[0.50,0.75)
LINK/USDT	2025-08-17 03:30:00+00:00	B	0.7243055555555555	0.13936535162950256	2025-08-17 00:00:00+00:00	[0.50,0.75)
BTC/USDT	2025-08-17 04:45:00+00:00	B	0.43125	0.030277081451955016	2025-08-17 04:00:00+00:00	[0.25,0.50)
XRP/USDT	2025-08-17 15:30:00+00:00	A	0.01840277777777778	0.0659249577608468	2025-08-17 12:00:00+00:00	[0.00,0.05)
LINK/USDT	2025-08-20 14:30:00+00:00	B	0.6579861111111112	0.06004709576138152	2025-08-20 12:00:00+00:00	[0.50,0.75)
BNB/USDT	2025-08-20 19:00:00+00:00	B	0.9690972222222223	0.05460600364349458	2025-08-20 16:00:00+00:00	[0.75,1.00]
SOL/USDT	2025-08-21 03:00:00+00:00	A	0.3076388888888889	0.05267054468535156	2025-08-21 00:00:00+00:00	[0.25,0.50)
ADA/USDT	2025-08-22 14:00:00+00:00	B	0.9642361111111111	0.07088972709119143	2025-08-22 12:00:00+00:00	[0.75,1.00]
XRP/USDT	2025-08-24 01:45:00+00:00	B	0.3579861111111111	0.050234252993232795	2025-08-24 00:00:00+00:00	[0.25,0.50)
ADA/USDT	2025-08-24 14:45:00+00:00	A	0.059375	0.12135006106361726	2025-08-24 12:00:00+00:00	[0.05,0.10)
ETH/USDT	2025-08-24 17:00:00+00:00	B	0.7690972222222222	0.08965614910809756	2025-08-24 16:00:00+00:00	[0.75,1.00]
ETH/USDT	2025-08-26 12:30:00+00:00	A	0.5173611111111112	0.04655751953384843	2025-08-26 12:00:00+00:00	[0.50,0.75)
SOL/USDT	2025-08-27 02:15:00+00:00	B	0.4375	0.07656226357996675	2025-08-27 00:00:00+00:00	[0.25,0.50)
ETH/USDT	2025-08-27 13:30:00+00:00	A	0.11805555555555555	0.042429482330055154	2025-08-27 12:00:00+00:00	[0.10,0.25)
SOL/USDT	2025-08-28 08:00:00+00:00	B	0.8152777777777778	0.05023191094619672	2025-08-28 08:00:00+00:00	[0.75,1.00]
LINK/USDT	2025-08-28 13:30:00+00:00	A	0.53125	0.11659192825112105	2025-08-28 12:00:00+00:00	[0.50,0.75)
ADA/USDT	2025-08-29 12:30:00+00:00	A	0.28854166666666664	0.046633983020447245	2025-08-29 12:00:00+00:00	[0.25,0.50)
LTC/USDT	2025-08-31 09:15:00+00:00	A	0.050694444444444445	0.04144660281084961	2025-08-31 08:00:00+00:00	[0.05,0.10)
ADA/USDT	2025-09-01 07:15:00+00:00	A	0.5809027777777778	0.07711019216735575	2025-09-01 04:00:00+00:00	[0.50,0.75)
BTC/USDT	2025-09-02 02:45:00+00:00	B	0.9211805555555556	0.03073870882039184	2025-09-02 00:00:00+00:00	[0.75,1.00]
BTC/USDT	2025-09-02 14:15:00+00:00	B	0.9569444444444445	0.015434519809906106	2025-09-02 12:00:00+00:00	[0.75,1.00]
BTC/USDT	2025-09-03 14:30:00+00:00	A	0.6048611111111111	0.025514689846250813	2025-09-03 12:00:00+00:00	[0.50,0.75)
LTC/USDT	2025-09-04 20:00:00+00:00	A	0.011111111111111112	0.044881675582555104	2025-09-04 20:00:00+00:00	[0.00,0.05)
BNB/USDT	2025-09-06 03:30:00+00:00	B	0.4600694444444444	0.01426958576300382	2025-09-06 00:00:00+00:00	[0.25,0.50)
DOGE/USDT	2025-09-06 23:15:00+00:00	B	0.5065972222222223	0.06223856584693173	2025-09-06 20:00:00+00:00	[0.50,0.75)
LTC/USDT	2025-09-07 05:45:00+00:00	A	0.08194444444444444	0.025004402183483036	2025-09-07 04:00:00+00:00	[0.05,0.10)
BNB/USDT	2025-09-07 08:00:00+00:00	A	0.16979166666666667	0.018748852579401544	2025-09-07 08:00:00+00:00	[0.10,0.25)
ADA/USDT	2025-09-07 12:15:00+00:00	A	0.08923611111111111	0.04025880661394689	2025-09-07 12:00:00+00:00	[0.05,0.10)
SOL/USDT	2025-09-07 22:45:00+00:00	B	0.7267361111111111	0.055625301786576584	2025-09-07 20:00:00+00:00	[0.50,0.75)
DOGE/USDT	2025-09-08 02:45:00+00:00	B	0.5909722222222222	0.05883112967828074	2025-09-08 00:00:00+00:00	[0.50,0.75)
BTC/USDT	2025-09-08 07:15:00+00:00	A	0.20972222222222223	0.01918345390778346	2025-09-08 04:00:00+00:00	[0.10,0.25)
LINK/USDT	2025-09-08 09:00:00+00:00	A	0.15763888888888888	0.045754509458865056	2025-09-08 08:00:00+00:00	[0.10,0.25)
BTC/USDT	2025-09-08 13:00:00+00:00	B	0.29444444444444445	0.019427836336443217	2025-09-08 12:00:00+00:00	[0.25,0.50)
LINK/USDT	2025-09-09 06:00:00+00:00	B	0.525	0.042020373514431324	2025-09-09 04:00:00+00:00	[0.50,0.75)
DOGE/USDT	2025-09-09 12:00:00+00:00	A	0.5121527777777778	0.054150598741627726	2025-09-09 12:00:00+00:00	[0.50,0.75)
XRP/USDT	2025-09-10 12:30:00+00:00	A	0.23715277777777777	0.02812906670225909	2025-09-10 12:00:00+00:00	[0.10,0.25)
DOGE/USDT	2025-09-10 16:45:00+00:00	B	0.5770833333333333	0.06754032258064512	2025-09-10 16:00:00+00:00	[0.50,0.75)
DOGE/USDT	2025-09-11 03:15:00+00:00	B	0.6645833333333333	0.08872216267714651	2025-09-11 00:00:00+00:00	[0.50,0.75)
XRP/USDT	2025-09-11 09:15:00+00:00	A	0.28715277777777776	0.040422721268163896	2025-09-11 08:00:00+00:00	[0.25,0.50)
LINK/USDT	2025-09-11 12:00:00+00:00	A	0.14097222222222222	0.06312292358803985	2025-09-11 12:00:00+00:00	[0.10,0.25)
BTC/USDT	2025-09-11 22:15:00+00:00	A	0.32916666666666666	0.016731102878931255	2025-09-11 20:00:00+00:00	[0.25,0.50)
SOL/USDT	2025-09-12 00:30:00+00:00	B	0.7208333333333333	0.05436042766971531	2025-09-12 00:00:00+00:00	[0.50,0.75)
BNB/USDT	2025-09-12 17:15:00+00:00	A	0.40243055555555557	0.0318172391586714	2025-09-12 16:00:00+00:00	[0.25,0.50)
XRP/USDT	2025-09-12 20:45:00+00:00	B	0.8864583333333333	0.032211584643463236	2025-09-12 20:00:00+00:00	[0.75,1.00]
ADA/USDT	2025-09-13 00:00:00+00:00	B	0.696875	0.04297001840025972	2025-09-13 00:00:00+00:00	[0.50,0.75)
LTC/USDT	2025-09-13 08:00:00+00:00	B	0.6590277777777778	0.042480387247538005	2025-09-13 08:00:00+00:00	[0.50,0.75)
DOGE/USDT	2025-09-13 13:15:00+00:00	B	0.9534722222222223	0.08340445086325737	2025-09-13 12:00:00+00:00	[0.75,1.00]
SOL/USDT	2025-09-14 01:45:00+00:00	B	0.596875	0.042515968916554736	2025-09-14 00:00:00+00:00	[0.50,0.75)
BTC/USDT	2025-09-15 04:15:00+00:00	B	0.5274305555555555	0.020472059746242017	2025-09-15 04:00:00+00:00	[0.50,0.75)
SOL/USDT	2025-09-16 15:45:00+00:00	B	0.6256944444444444	0.03259178266537702	2025-09-16 12:00:00+00:00	[0.50,0.75)
BNB/USDT	2025-09-16 17:00:00+00:00	B	0.93125	0.01779434371512201	2025-09-16 16:00:00+00:00	[0.75,1.00]
BTC/USDT	2025-09-17 05:45:00+00:00	B	0.42743055555555554	0.027113278905081896	2025-09-17 04:00:00+00:00	[0.25,0.50)
DOGE/USDT	2025-09-17 17:30:00+00:00	B	0.4722222222222222	0.10525142984475963	2025-09-17 16:00:00+00:00	[0.25,0.50)
BNB/USDT	2025-09-18 08:00:00+00:00	B	0.6725694444444444	0.027296818027854688	2025-09-18 08:00:00+00:00	[0.50,0.75)
AVAX/USDT	2025-09-18 17:00:00+00:00	B	0.5920138888888888	0.067986993792492	2025-09-18 16:00:00+00:00	[0.50,0.75)
BNB/USDT	2025-09-20 08:30:00+00:00	B	0.5940972222222223	0.08944832882833467	2025-09-20 08:00:00+00:00	[0.50,0.75)
BNB/USDT	2025-09-20 21:30:00+00:00	B	0.8809027777777778	0.04750710063713824	2025-09-20 20:00:00+00:00	[0.75,1.00]
BNB/USDT	2025-09-21 01:45:00+00:00	B	0.9878472222222222	0.05466942765465276	2025-09-21 00:00:00+00:00	[0.75,1.00]
LTC/USDT	2025-09-21 10:00:00+00:00	B	0.5489583333333333	0.12034087974520104	2025-09-21 08:00:00+00:00	[0.50,0.75)
AVAX/USDT	2025-09-23 03:30:00+00:00	B	0.9489583333333333	0.08062678062678058	2025-09-23 00:00:00+00:00	[0.75,1.00]
XRP/USDT	2025-09-24 19:45:00+00:00	B	0.7315972222222222	0.08571524535653104	2025-09-24 16:00:00+00:00	[0.50,0.75)
AVAX/USDT	2025-09-28 13:45:00+00:00	B	0.7565972222222223	0.05570934256055362	2025-09-28 12:00:00+00:00	[0.75,1.00]
LINK/USDT	2025-09-28 16:00:00+00:00	B	0.9340277777777778	0.03826169107227219	2025-09-28 16:00:00+00:00	[0.75,1.00]
SOL/USDT	2025-09-28 22:00:00+00:00	B	0.6222222222222222	0.04865434345369216	2025-09-28 20:00:00+00:00	[0.50,0.75)
DOGE/USDT	2025-09-29 13:30:00+00:00	B	0.4395833333333333	0.04459581030715847	2025-09-29 12:00:00+00:00	[0.25,0.50)
BTC/USDT	2025-10-01 08:15:00+00:00	B	0.48125	0.0379451458000368	2025-10-01 08:00:00+00:00	[0.25,0.50)
LTC/USDT	2025-10-01 22:45:00+00:00	B	0.9149305555555556	0.07609925990422285	2025-10-01 20:00:00+00:00	[0.75,1.00]
BNB/USDT	2025-10-02 06:30:00+00:00	B	0.4201388888888889	0.07617313565118558	2025-10-02 04:00:00+00:00	[0.25,0.50)
ADA/USDT	2025-10-02 16:00:00+00:00	B	0.6878472222222223	0.04476744186046522	2025-10-02 16:00:00+00:00	[0.50,0.75)
BNB/USDT	2025-10-02 20:30:00+00:00	B	0.9302083333333333	0.09318642817628635	2025-10-02 20:00:00+00:00	[0.75,1.00]
BNB/USDT	2025-10-03 03:00:00+00:00	B	0.7701388888888889	0.0981753738765621	2025-10-03 00:00:00+00:00	[0.75,1.00]
BNB/USDT	2025-10-03 13:15:00+00:00	B	0.8760416666666667	0.0648416513502051	2025-10-03 12:00:00+00:00	[0.75,1.00]
LTC/USDT	2025-10-03 17:15:00+00:00	B	0.9659722222222222	0.06099360550909983	2025-10-03 16:00:00+00:00	[0.75,1.00]
BTC/USDT	2025-10-05 02:15:00+00:00	A	0.30277777777777776	0.02773041574338166	2025-10-05 00:00:00+00:00	[0.25,0.50)
AVAX/USDT	2025-10-05 04:45:00+00:00	B	0.8263888888888888	0.051165803108808354	2025-10-05 04:00:00+00:00	[0.75,1.00]
AVAX/USDT	2025-10-05 23:45:00+00:00	A	0.0642361111111111	0.03624875290987695	2025-10-05 20:00:00+00:00	[0.05,0.10)
BNB/USDT	2025-10-06 01:15:00+00:00	B	0.7746527777777777	0.05776905905431928	2025-10-06 00:00:00+00:00	[0.75,1.00]
BNB/USDT	2025-10-06 06:00:00+00:00	B	0.8215277777777777	0.05645550251966679	2025-10-06 04:00:00+00:00	[0.75,1.00]
BNB/USDT	2025-10-06 12:00:00+00:00	B	0.8340277777777778	0.11797068990700628	2025-10-06 12:00:00+00:00	[0.75,1.00]
BTC/USDT	2025-10-06 18:45:00+00:00	B	0.796875	0.04412124384518901	2025-10-06 16:00:00+00:00	[0.75,1.00]
LINK/USDT	2025-10-07 01:00:00+00:00	A	0.21145833333333333	0.08216857263871247	2025-10-07 00:00:00+00:00	[0.10,0.25)
BNB/USDT	2025-10-07 05:15:00+00:00	B	0.9326388888888889	0.09380774491844716	2025-10-07 04:00:00+00:00	[0.75,1.00]
BNB/USDT	2025-10-07 10:30:00+00:00	B	0.98125	0.06912699211281992	2025-10-07 08:00:00+00:00	[0.75,1.00]
LTC/USDT	2025-10-08 16:45:00+00:00	B	0.5361111111111111	0.038755736868944436	2025-10-08 16:00:00+00:00	[0.50,0.75)
LTC/USDT	2025-10-09 00:45:00+00:00	A	0.16284722222222223	0.1191056568882913	2025-10-09 00:00:00+00:00	[0.10,0.25)
BTC/USDT	2025-10-09 12:30:00+00:00	B	0.9465277777777777	0.03243180285294582	2025-10-09 12:00:00+00:00	[0.75,1.00]
LTC/USDT	2025-10-10 03:15:00+00:00	B	0.9666666666666667	0.6318185266671724	2025-10-10 00:00:00+00:00	[0.75,1.00]
SOL/USDT	2025-10-10 13:30:00+00:00	B	0.6576388888888889	0.24831495781814933	2025-10-10 12:00:00+00:00	[0.50,0.75)
BNB/USDT	2025-10-12 08:30:00+00:00	B	0.9524305555555556	0.17624913284039181	2025-10-12 08:00:00+00:00	[0.75,1.00]
LINK/USDT	2025-10-12 14:45:00+00:00	B	0.8163194444444445	0.10523385300668155	2025-10-12 12:00:00+00:00	[0.75,1.00]
SOL/USDT	2025-10-13 16:45:00+00:00	B	0.9177083333333333	0.10107978404319136	2025-10-13 16:00:00+00:00	[0.75,1.00]
XRP/USDT	2025-10-17 01:00:00+00:00	B	0.8611111111111112	0.0803338110090196	2025-10-17 00:00:00+00:00	[0.75,1.00]
BTC/USDT	2025-10-19 09:45:00+00:00	B	0.5965277777777778	0.04357184310419581	2025-10-19 08:00:00+00:00	[0.50,0.75)
ETH/USDT	2025-10-19 13:45:00+00:00	B	0.7895833333333333	0.0444511017740665	2025-10-19 12:00:00+00:00	[0.75,1.00]
SOL/USDT	2025-10-20 03:45:00+00:00	B	0.7840277777777778	0.04806233983578263	2025-10-20 00:00:00+00:00	[0.75,1.00]
LINK/USDT	2025-10-20 06:15:00+00:00	B	0.9708333333333333	0.08310700706137975	2025-10-20 04:00:00+00:00	[0.75,1.00]
XRP/USDT	2025-10-20 19:30:00+00:00	B	0.8319444444444445	0.060240485733560924	2025-10-20 16:00:00+00:00	[0.75,1.00]
BTC/USDT	2025-10-21 10:45:00+00:00	A	0.3854166666666667	0.05889424805040684	2025-10-21 08:00:00+00:00	[0.25,0.50)
BNB/USDT	2025-10-21 14:45:00+00:00	B	0.6579861111111112	0.056381654842899774	2025-10-21 12:00:00+00:00	[0.50,0.75)
LTC/USDT	2025-10-22 16:45:00+00:00	B	0.6256944444444444	0.053630100688924244	2025-10-22 16:00:00+00:00	[0.50,0.75)
BNB/USDT	2025-10-23 08:00:00+00:00	B	0.8138888888888889	0.0760743632247831	2025-10-23 08:00:00+00:00	[0.75,1.00]
BNB/USDT	2025-10-23 15:00:00+00:00	B	0.8128472222222223	0.051078940180278636	2025-10-23 12:00:00+00:00	[0.75,1.00]
ADA/USDT	2025-10-24 12:30:00+00:00	A	0.31493055555555555	0.02587125247298739	2025-10-24 12:00:00+00:00	[0.25,0.50)
DOGE/USDT	2025-10-25 01:00:00+00:00	A	0.012847222222222222	0.020737907082096	2025-10-25 00:00:00+00:00	[0.00,0.05)
ETH/USDT	2025-10-25 18:30:00+00:00	A	0.10972222222222222	0.04543194295450249	2025-10-25 16:00:00+00:00	[0.10,0.25)
AVAX/USDT	2025-10-26 08:00:00+00:00	B	0.7055555555555556	0.061285500747384175	2025-10-26 08:00:00+00:00	[0.50,0.75)
AVAX/USDT	2025-10-26 13:00:00+00:00	B	0.7552083333333334	0.04880429477794046	2025-10-26 12:00:00+00:00	[0.75,1.00]
LTC/USDT	2025-10-26 22:00:00+00:00	A	0.3194444444444444	0.04918848949517074	2025-10-26 20:00:00+00:00	[0.25,0.50)
BNB/USDT	2025-10-27 02:00:00+00:00	B	0.6371527777777778	0.044097745981123	2025-10-27 00:00:00+00:00	[0.50,0.75)
XRP/USDT	2025-10-27 15:00:00+00:00	A	0.4420138888888889	0.035329048746570405	2025-10-27 12:00:00+00:00	[0.25,0.50)
XRP/USDT	2025-10-28 13:00:00+00:00	B	0.3920138888888889	0.04467981949054568	2025-10-28 12:00:00+00:00	[0.25,0.50)
BNB/USDT	2025-10-30 10:15:00+00:00	A	0.1986111111111111	0.0726757107551162	2025-10-30 08:00:00+00:00	[0.10,0.25)
LINK/USDT	2025-10-31 01:00:00+00:00	B	0.5600694444444444	0.04068396226415102	2025-10-31 00:00:00+00:00	[0.50,0.75)
BTC/USDT	2025-10-31 14:45:00+00:00	B	0.5204861111111111	0.02306161902133168	2025-10-31 12:00:00+00:00	[0.50,0.75)
LTC/USDT	2025-11-01 06:45:00+00:00	A	0.45694444444444443	0.07069776959279718	2025-11-01 04:00:00+00:00	[0.25,0.50)
LTC/USDT	2025-11-01 15:00:00+00:00	A	0.1798611111111111	0.05801327166700177	2025-11-01 12:00:00+00:00	[0.10,0.25)
BTC/USDT	2025-11-02 04:00:00+00:00	A	0.001736111111111111	0.033931581241599666	2025-11-02 04:00:00+00:00	[0.00,0.05)
XRP/USDT	2025-11-02 11:30:00+00:00	A	0.3371527777777778	0.06733147501079659	2025-11-02 08:00:00+00:00	[0.25,0.50)
ETH/USDT	2025-11-02 23:30:00+00:00	A	0.36701388888888886	0.09162847211541415	2025-11-02 20:00:00+00:00	[0.25,0.50)
SOL/USDT	2025-11-06 13:15:00+00:00	B	0.3951388888888889	0.06583773702207027	2025-11-06 12:00:00+00:00	[0.25,0.50)
LINK/USDT	2025-11-07 15:00:00+00:00	B	0.7548611111111111	0.09230769230769237	2025-11-07 12:00:00+00:00	[0.75,1.00]
ADA/USDT	2025-11-07 16:15:00+00:00	B	0.9503472222222222	0.07040487280544608	2025-11-07 16:00:00+00:00	[0.75,1.00]
LTC/USDT	2025-11-08 18:00:00+00:00	B	0.596875	0.1112545942187345	2025-11-08 16:00:00+00:00	[0.50,0.75)
LTC/USDT	2025-11-09 10:45:00+00:00	B	0.8472222222222222	0.12047393364928904	2025-11-09 08:00:00+00:00	[0.75,1.00]
ETH/USDT	2025-11-09 12:15:00+00:00	B	0.40902777777777777	0.0635313914355344	2025-11-09 12:00:00+00:00	[0.25,0.50)
BTC/USDT	2025-11-09 18:45:00+00:00	B	0.5354166666666667	0.024987597195172108	2025-11-09 16:00:00+00:00	[0.50,0.75)
XRP/USDT	2025-11-09 23:00:00+00:00	B	0.5399305555555556	0.099058396318034	2025-11-09 20:00:00+00:00	[0.50,0.75)
XRP/USDT	2025-11-10 03:30:00+00:00	B	0.925	0.057027463651050075	2025-11-10 00:00:00+00:00	[0.75,1.00]
BNB/USDT	2025-11-11 01:15:00+00:00	B	0.44722222222222224	0.05291696153577804	2025-11-11 00:00:00+00:00	[0.25,0.50)
LINK/USDT	2025-11-12 08:30:00+00:00	A	0.346875	0.0850383631713555	2025-11-12 08:00:00+00:00	[0.25,0.50)
BNB/USDT	2025-11-14 14:30:00+00:00	B	0.8375	0.03370106646209041	2025-11-14 12:00:00+00:00	[0.75,1.00]
ETH/USDT	2025-11-15 17:45:00+00:00	B	0.33576388888888886	0.06936257966587765	2025-11-15 16:00:00+00:00	[0.25,0.50)
BNB/USDT	2025-11-16 09:45:00+00:00	A	0.10972222222222222	0.04382176340461395	2025-11-16 08:00:00+00:00	[0.10,0.25)
LTC/USDT	2025-11-18 03:30:00+00:00	B	0.5923611111111111	0.05991179950521666	2025-11-18 00:00:00+00:00	[0.50,0.75)
LINK/USDT	2025-11-18 15:15:00+00:00	B	0.5774305555555556	0.06409322651128921	2025-11-18 12:00:00+00:00	[0.50,0.75)
ADA/USDT	2025-11-19 21:15:00+00:00	B	0.8461805555555556	0.09540558364475707	2025-11-19 20:00:00+00:00	[0.75,1.00]
BNB/USDT	2025-11-20 02:00:00+00:00	B	0.7461805555555555	0.055256863218416045	2025-11-20 00:00:00+00:00	[0.50,0.75)
AVAX/USDT	2025-11-22 22:45:00+00:00	A	0.01423611111111111	0.0202854996243427	2025-11-22 20:00:00+00:00	[0.00,0.05)
SOL/USDT	2025-11-23 01:30:00+00:00	B	0.5916666666666667	0.041933740057147104	2025-11-23 00:00:00+00:00	[0.50,0.75)
ADA/USDT	2025-11-23 12:00:00+00:00	B	0.3295138888888889	0.04303675048355895	2025-11-23 12:00:00+00:00	[0.25,0.50)
DOGE/USDT	2025-11-24 02:00:00+00:00	B	0.6746527777777778	0.07541824069077169	2025-11-24 00:00:00+00:00	[0.50,0.75)
BNB/USDT	2025-11-24 05:00:00+00:00	B	0.7128472222222222	0.054091004697468935	2025-11-24 04:00:00+00:00	[0.50,0.75)
XRP/USDT	2025-11-24 13:00:00+00:00	B	0.4510416666666667	0.11346227499042517	2025-11-24 12:00:00+00:00	[0.25,0.50)
AVAX/USDT	2025-11-24 17:15:00+00:00	B	0.7097222222222223	0.02545454545454556	2025-11-24 16:00:00+00:00	[0.50,0.75)
DOGE/USDT	2025-11-25 23:00:00+00:00	B	0.7670138888888889	0.052913813154154304	2025-11-25 20:00:00+00:00	[0.75,1.00]
BNB/USDT	2025-11-26 17:00:00+00:00	B	0.7736111111111111	0.033713888160220876	2025-11-26 16:00:00+00:00	[0.75,1.00]
XRP/USDT	2025-11-28 08:45:00+00:00	B	0.49201388888888886	0.052906043858085235	2025-11-28 08:00:00+00:00	[0.25,0.50)
BNB/USDT	2025-11-28 13:45:00+00:00	A	0.27534722222222224	0.03479924794464157	2025-11-28 12:00:00+00:00	[0.25,0.50)
ADA/USDT	2025-11-30 03:30:00+00:00	A	0.03854166666666667	0.10377809660449544	2025-11-30 00:00:00+00:00	[0.00,0.05)
BTC/USDT	2025-11-30 08:15:00+00:00	A	0.049305555555555554	0.07016122247073077	2025-11-30 08:00:00+00:00	[0.00,0.05)
LINK/USDT	2025-11-30 13:15:00+00:00	A	0.24131944444444445	0.11219879518072291	2025-11-30 12:00:00+00:00	[0.10,0.25)
LINK/USDT	2025-12-02 13:15:00+00:00	B	0.6427083333333333	0.18299595141700403	2025-12-02 12:00:00+00:00	[0.50,0.75)
BNB/USDT	2025-12-03 05:45:00+00:00	B	0.7003472222222222	0.044854734974495505	2025-12-03 04:00:00+00:00	[0.50,0.75)
ETH/USDT	2025-12-03 14:30:00+00:00	B	0.5725694444444445	0.058666317557427405	2025-12-03 12:00:00+00:00	[0.50,0.75)
ETH/USDT	2025-12-04 15:30:00+00:00	B	0.3663194444444444	0.04934657703422814	2025-12-04 12:00:00+00:00	[0.25,0.50)
XRP/USDT	2025-12-05 15:00:00+00:00	A	0.12013888888888889	0.03977572243254888	2025-12-05 12:00:00+00:00	[0.10,0.25)
LTC/USDT	2025-12-06 18:00:00+00:00	A	0.29965277777777777	0.04117432086734084	2025-12-06 16:00:00+00:00	[0.25,0.50)
BTC/USDT	2025-12-07 17:15:00+00:00	B	0.8649305555555555	0.03628393000257586	2025-12-07 16:00:00+00:00	[0.75,1.00]
ADA/USDT	2025-12-08 14:30:00+00:00	B	0.40694444444444444	0.0717539863325741	2025-12-08 12:00:00+00:00	[0.25,0.50)
AVAX/USDT	2025-12-09 15:00:00+00:00	B	0.3194444444444444	0.07585703865791399	2025-12-09 12:00:00+00:00	[0.25,0.50)
ADA/USDT	2025-12-09 16:00:00+00:00	B	0.9850694444444444	0.05441176470588243	2025-12-09 16:00:00+00:00	[0.75,1.00]
ETH/USDT	2025-12-10 18:30:00+00:00	B	0.6833333333333333	0.08902926981620178	2025-12-10 16:00:00+00:00	[0.50,0.75)
AVAX/USDT	2025-12-10 20:00:00+00:00	B	0.7972222222222223	0.1314363143631436	2025-12-10 20:00:00+00:00	[0.75,1.00]
BTC/USDT	2025-12-11 21:00:00+00:00	B	0.8951388888888889	0.04407244536639073	2025-12-11 20:00:00+00:00	[0.75,1.00]
BNB/USDT	2025-12-13 15:00:00+00:00	A	0.25381944444444443	0.022682753094114497	2025-12-13 12:00:00+00:00	[0.25,0.50)
AVAX/USDT	2025-12-15 01:30:00+00:00	B	0.4201388888888889	0.09035222052067379	2025-12-15 00:00:00+00:00	[0.25,0.50)
LTC/USDT	2025-12-16 15:45:00+00:00	B	0.6979166666666666	0.03952668680765358	2025-12-16 12:00:00+00:00	[0.50,0.75)
LTC/USDT	2025-12-17 14:45:00+00:00	B	0.728125	0.07782343419250405	2025-12-17 12:00:00+00:00	[0.50,0.75)
BTC/USDT	2025-12-18 13:30:00+00:00	B	0.7274305555555556	0.05663984321637168	2025-12-18 12:00:00+00:00	[0.50,0.75)
XRP/USDT	2025-12-19 03:15:00+00:00	B	0.8809027777777778	0.051917019658955094	2025-12-19 00:00:00+00:00	[0.75,1.00]
BNB/USDT	2025-12-19 07:00:00+00:00	B	0.8322916666666667	0.023783707335470562	2025-12-19 04:00:00+00:00	[0.75,1.00]
ADA/USDT	2025-12-21 08:30:00+00:00	A	0.08576388888888889	0.047913862718708046	2025-12-21 08:00:00+00:00	[0.05,0.10)
AVAX/USDT	2025-12-22 00:00:00+00:00	B	0.7184027777777777	0.03571428571428567	2025-12-22 00:00:00+00:00	[0.50,0.75)
BNB/USDT	2025-12-22 08:00:00+00:00	A	0.2746527777777778	0.0277565217391305	2025-12-22 08:00:00+00:00	[0.25,0.50)
BNB/USDT	2025-12-24 16:30:00+00:00	A	0.30277777777777776	0.017627351398704864	2025-12-24 16:00:00+00:00	[0.25,0.50)
LTC/USDT	2025-12-25 15:15:00+00:00	A	0.14166666666666666	0.03437052467126677	2025-12-25 12:00:00+00:00	[0.10,0.25)
LTC/USDT	2025-12-26 02:15:00+00:00	B	0.8479166666666667	0.03251193394400717	2025-12-26 00:00:00+00:00	[0.75,1.00]
AVAX/USDT	2025-12-27 15:45:00+00:00	A	0.13784722222222223	0.03187250996015939	2025-12-27 12:00:00+00:00	[0.10,0.25)
ADA/USDT	2025-12-27 20:00:00+00:00	A	0.40381944444444445	0.04410143329658218	2025-12-27 20:00:00+00:00	[0.25,0.50)
BNB/USDT	2025-12-28 11:00:00+00:00	B	0.5659722222222222	0.028778242383780236	2025-12-28 08:00:00+00:00	[0.50,0.75)
SOL/USDT	2025-12-28 22:45:00+00:00	B	0.23993055555555556	0.06278171281390854	2025-12-28 20:00:00+00:00	[0.10,0.25)
DOGE/USDT	2025-12-29 01:30:00+00:00	B	0.7916666666666666	0.045939490445859855	2025-12-29 00:00:00+00:00	[0.75,1.00]
LINK/USDT	2025-12-30 08:00:00+00:00	A	0.27118055555555554	0.02161729383506802	2025-12-30 08:00:00+00:00	[0.25,0.50)
XRP/USDT	2025-12-30 14:45:00+00:00	A	0.10520833333333333	0.011956869862282468	2025-12-30 12:00:00+00:00	[0.10,0.25)
BNB/USDT	2025-12-31 05:30:00+00:00	A	0.18958333333333333	0.02246865847870625	2025-12-31 04:00:00+00:00	[0.10,0.25)
XRP/USDT	2025-12-31 11:30:00+00:00	A	0.10347222222222222	0.03760438274559863	2025-12-31 08:00:00+00:00	[0.10,0.25)
ETH/USDT	2025-12-31 14:00:00+00:00	B	0.565625	0.019689060748562484	2025-12-31 12:00:00+00:00	[0.50,0.75)
LTC/USDT	2026-01-01 15:30:00+00:00	B	0.6510416666666666	0.03328252032520331	2026-01-01 12:00:00+00:00	[0.50,0.75)
AVAX/USDT	2026-01-01 17:00:00+00:00	B	0.75	0.10150674068199837	2026-01-01 16:00:00+00:00	[0.75,1.00]
BTC/USDT	2026-01-01 22:00:00+00:00	A	0.19583333333333333	0.02916901416565707	2026-01-01 20:00:00+00:00	[0.10,0.25)
LINK/USDT	2026-01-02 03:00:00+00:00	B	0.3541666666666667	0.0557299843014128	2026-01-02 00:00:00+00:00	[0.25,0.50)
BTC/USDT	2026-01-02 09:45:00+00:00	B	0.5784722222222223	0.027963841992808	2026-01-02 08:00:00+00:00	[0.50,0.75)
XRP/USDT	2026-01-02 14:30:00+00:00	B	0.346875	0.0825120570350177	2026-01-02 12:00:00+00:00	[0.25,0.50)
BTC/USDT	2026-01-02 16:15:00+00:00	B	0.6361111111111111	0.01829753425235565	2026-01-02 16:00:00+00:00	[0.50,0.75)
AVAX/USDT	2026-01-03 03:30:00+00:00	B	0.7944444444444444	0.05126404494382025	2026-01-03 00:00:00+00:00	[0.75,1.00]
BTC/USDT	2026-01-04 00:00:00+00:00	B	0.7302083333333333	0.01320054849021317	2026-01-04 00:00:00+00:00	[0.50,0.75)
LTC/USDT	2026-01-04 12:15:00+00:00	B	0.5128472222222222	0.026994456495541202	2026-01-04 12:00:00+00:00	[0.50,0.75)
BNB/USDT	2026-01-04 16:00:00+00:00	A	0.3663194444444444	0.020634618186709072	2026-01-04 16:00:00+00:00	[0.25,0.50)
AVAX/USDT	2026-01-04 21:00:00+00:00	B	0.6506944444444445	0.04320557491289193	2026-01-04 20:00:00+00:00	[0.50,0.75)
SOL/USDT	2026-01-05 00:00:00+00:00	A	0.1840277777777778	0.04971020954079356	2026-01-05 00:00:00+00:00	[0.10,0.25)
ADA/USDT	2026-01-05 14:30:00+00:00	B	0.5902777777777778	0.08943089430894309	2026-01-05 12:00:00+00:00	[0.50,0.75)
DOGE/USDT	2026-01-05 17:45:00+00:00	B	0.9038194444444444	0.08522875816993461	2026-01-05 16:00:00+00:00	[0.75,1.00]
XRP/USDT	2026-01-05 20:00:00+00:00	B	1.0	0.09161423769714715	2026-01-05 20:00:00+00:00	[0.75,1.00]
ETH/USDT	2026-01-06 14:00:00+00:00	B	0.6197916666666666	0.03834598403751859	2026-01-06 12:00:00+00:00	[0.50,0.75)
BTC/USDT	2026-01-06 21:15:00+00:00	B	0.8340277777777778	0.03332587685128012	2026-01-06 20:00:00+00:00	[0.75,1.00]
ETH/USDT	2026-01-07 23:15:00+00:00	B	0.5152777777777777	0.040914667028278166	2026-01-07 20:00:00+00:00	[0.50,0.75)
XRP/USDT	2026-01-09 15:15:00+00:00	B	0.7486111111111111	0.04022934924482568	2026-01-09 12:00:00+00:00	[0.50,0.75)
DOGE/USDT	2026-01-11 12:45:00+00:00	A	0.21319444444444444	0.048034624662977136	2026-01-11 12:00:00+00:00	[0.10,0.25)
SOL/USDT	2026-01-11 16:15:00+00:00	B	0.8652777777777778	0.049269162210338655	2026-01-11 16:00:00+00:00	[0.75,1.00]
SOL/USDT	2026-01-12 00:15:00+00:00	B	0.7222222222222222	0.04307036247334757	2026-01-12 00:00:00+00:00	[0.50,0.75)
BNB/USDT	2026-01-13 07:00:00+00:00	B	0.70625	0.053046626343939016	2026-01-13 04:00:00+00:00	[0.50,0.75)
AVAX/USDT	2026-01-13 13:30:00+00:00	A	0.20173611111111112	0.07343412526997836	2026-01-13 12:00:00+00:00	[0.10,0.25)
BNB/USDT	2026-01-13 18:00:00+00:00	B	0.9743055555555555	0.027890823088232108	2026-01-13 16:00:00+00:00	[0.75,1.00]
LTC/USDT	2026-01-13 22:00:00+00:00	B	0.7895833333333333	0.05182613168724281	2026-01-13 20:00:00+00:00	[0.75,1.00]
LTC/USDT	2026-01-14 15:15:00+00:00	B	0.9180555555555555	0.09444030776867726	2026-01-14 12:00:00+00:00	[0.75,1.00]
ADA/USDT	2026-01-15 09:30:00+00:00	A	0.22569444444444445	0.05466633834031026	2026-01-15 08:00:00+00:00	[0.10,0.25)
LTC/USDT	2026-01-16 18:15:00+00:00	B	0.8565972222222222	0.039484396200814065	2026-01-16 16:00:00+00:00	[0.75,1.00]
BNB/USDT	2026-01-17 15:15:00+00:00	A	0.06319444444444444	0.017325816312499336	2026-01-17 12:00:00+00:00	[0.05,0.10)
ETH/USDT	2026-01-18 18:15:00+00:00	B	0.5239583333333333	0.0568491745062058	2026-01-18 16:00:00+00:00	[0.50,0.75)
DOGE/USDT	2026-01-20 14:30:00+00:00	B	0.421875	0.03996840442338069	2026-01-20 12:00:00+00:00	[0.25,0.50)
SOL/USDT	2026-01-21 14:00:00+00:00	B	0.5756944444444444	0.05364490334601337	2026-01-21 12:00:00+00:00	[0.50,0.75)
ETH/USDT	2026-01-21 19:45:00+00:00	B	0.996875	0.049647200513162834	2026-01-21 16:00:00+00:00	[0.75,1.00]
AVAX/USDT	2026-01-23 04:00:00+00:00	B	0.40208333333333335	0.04136253041362529	2026-01-23 04:00:00+00:00	[0.25,0.50)
BTC/USDT	2026-01-23 15:45:00+00:00	B	0.6479166666666667	0.022874366892483382	2026-01-23 12:00:00+00:00	[0.50,0.75)
SOL/USDT	2026-01-23 16:00:00+00:00	B	0.7482638888888888	0.028482490272373404	2026-01-23 16:00:00+00:00	[0.50,0.75)
LTC/USDT	2026-01-25 09:15:00+00:00	A	0.16493055555555555	0.07445573294629891	2026-01-25 08:00:00+00:00	[0.10,0.25)
LTC/USDT	2026-01-26 14:30:00+00:00	A	0.6517361111111111	0.021273537444300765	2026-01-26 12:00:00+00:00	[0.50,0.75)
BNB/USDT	2026-01-27 15:00:00+00:00	B	0.5305555555555556	0.030720422702177775	2026-01-27 12:00:00+00:00	[0.50,0.75)
ADA/USDT	2026-01-27 16:00:00+00:00	A	0.5548611111111111	0.04438202247191006	2026-01-27 16:00:00+00:00	[0.50,0.75)
ADA/USDT	2026-01-27 20:15:00+00:00	B	0.8288194444444444	0.028769017980636143	2026-01-27 20:00:00+00:00	[0.75,1.00]
BTC/USDT	2026-01-28 11:45:00+00:00	B	0.7270833333333333	0.032149200710479574	2026-01-28 08:00:00+00:00	[0.50,0.75)
BNB/USDT	2026-01-29 07:15:00+00:00	B	0.5944444444444444	0.0786073500967118	2026-01-29 04:00:00+00:00	[0.50,0.75)
DOGE/USDT	2026-02-03 15:45:00+00:00	B	0.8517361111111111	0.07506580738858128	2026-02-03 12:00:00+00:00	[0.75,1.00]
LTC/USDT	2026-02-07 16:00:00+00:00	B	0.8086805555555555	0.02555273649873136	2026-02-07 16:00:00+00:00	[0.75,1.00]
AVAX/USDT	2026-02-09 17:30:00+00:00	B	0.890625	0.05131004366812215	2026-02-09 16:00:00+00:00	[0.75,1.00]
AVAX/USDT	2026-02-11 02:15:00+00:00	B	0.5319444444444444	0.06081081081081091	2026-02-11 00:00:00+00:00	[0.50,0.75)
BNB/USDT	2026-02-11 14:00:00+00:00	B	0.8520833333333333	0.052448698616665575	2026-02-11 12:00:00+00:00	[0.75,1.00]
LINK/USDT	2026-02-13 14:30:00+00:00	A	0.2704861111111111	0.06345475910693313	2026-02-13 12:00:00+00:00	[0.25,0.50)
LINK/USDT	2026-02-14 01:45:00+00:00	A	0.2722222222222222	0.04735062006764394	2026-02-14 00:00:00+00:00	[0.25,0.50)
DOGE/USDT	2026-02-14 09:30:00+00:00	B	0.46145833333333336	0.20357873210633945	2026-02-14 08:00:00+00:00	[0.25,0.50)
SOL/USDT	2026-02-14 16:30:00+00:00	B	0.5229166666666667	0.05230244457077895	2026-02-14 16:00:00+00:00	[0.50,0.75)
DOGE/USDT	2026-02-14 21:00:00+00:00	B	0.9628472222222222	0.13778892671564227	2026-02-14 20:00:00+00:00	[0.75,1.00]
BTC/USDT	2026-02-15 04:00:00+00:00	B	0.5204861111111111	0.042357418228031435	2026-02-15 04:00:00+00:00	[0.50,0.75)
ADA/USDT	2026-02-17 07:30:00+00:00	A	0.28194444444444444	0.04350828729281768	2026-02-17 04:00:00+00:00	[0.25,0.50)
DOGE/USDT	2026-02-17 16:00:00+00:00	B	0.7479166666666667	0.0426383061762123	2026-02-17 16:00:00+00:00	[0.50,0.75)
BTC/USDT	2026-02-18 15:30:00+00:00	B	0.45729166666666665	0.036603210120159255	2026-02-18 12:00:00+00:00	[0.25,0.50)
DOGE/USDT	2026-02-20 05:30:00+00:00	A	0.17256944444444444	0.06815440289505437	2026-02-20 04:00:00+00:00	[0.10,0.25)
LTC/USDT	2026-02-20 15:15:00+00:00	B	0.7402777777777778	0.028691520467836264	2026-02-20 12:00:00+00:00	[0.50,0.75)
SOL/USDT	2026-02-21 14:15:00+00:00	A	0.29791666666666666	0.035942028985507184	2026-02-21 12:00:00+00:00	[0.25,0.50)
LTC/USDT	2026-02-21 16:15:00+00:00	B	0.525	0.054919499105545624	2026-02-21 16:00:00+00:00	[0.50,0.75)
XRP/USDT	2026-02-22 22:15:00+00:00	A	0.1232638888888889	0.06780753257912073	2026-02-22 20:00:00+00:00	[0.10,0.25)
XRP/USDT	2026-02-25 01:00:00+00:00	B	0.6052083333333333	0.10153935101539356	2026-02-25 00:00:00+00:00	[0.50,0.75)
AVAX/USDT	2026-02-25 11:15:00+00:00	B	0.9222222222222223	0.10538116591928245	2026-02-25 08:00:00+00:00	[0.75,1.00]
ADA/USDT	2026-02-25 14:00:00+00:00	B	0.9333333333333333	0.1117792713123453	2026-02-25 12:00:00+00:00	[0.75,1.00]
ADA/USDT	2026-02-25 19:45:00+00:00	B	0.8767361111111112	0.10369881109643322	2026-02-25 16:00:00+00:00	[0.75,1.00]
SOL/USDT	2026-02-25 21:30:00+00:00	B	0.6357638888888889	0.06841290893015028	2026-02-25 20:00:00+00:00	[0.50,0.75)
XRP/USDT	2026-02-28 13:45:00+00:00	B	0.8041666666666667	0.09116660454714878	2026-02-28 12:00:00+00:00	[0.75,1.00]
ETH/USDT	2026-03-01 01:45:00+00:00	A	0.5878472222222222	0.0732423622015942	2026-03-01 00:00:00+00:00	[0.50,0.75)
BTC/USDT	2026-03-01 13:45:00+00:00	A	0.15208333333333332	0.03382680366966121	2026-03-01 12:00:00+00:00	[0.10,0.25)
DOGE/USDT	2026-03-02 14:30:00+00:00	B	0.3892361111111111	0.09351124502313574	2026-03-02 12:00:00+00:00	[0.25,0.50)
SOL/USDT	2026-03-03 16:00:00+00:00	B	0.75	0.10427528675703858	2026-03-03 16:00:00+00:00	[0.75,1.00]
AVAX/USDT	2026-03-04 08:45:00+00:00	B	0.8208333333333333	0.05756929637526643	2026-03-04 08:00:00+00:00	[0.75,1.00]
ETH/USDT	2026-03-04 15:15:00+00:00	B	0.8041666666666667	0.05903638114650644	2026-03-04 12:00:00+00:00	[0.75,1.00]
AVAX/USDT	2026-03-06 21:00:00+00:00	A	0.09409722222222222	0.023307436182020073	2026-03-06 20:00:00+00:00	[0.05,0.10)
LTC/USDT	2026-03-07 08:00:00+00:00	A	0.165625	0.03033105233955984	2026-03-07 08:00:00+00:00	[0.10,0.25)
XRP/USDT	2026-03-08 10:15:00+00:00	A	0.3159722222222222	0.035135135135135	2026-03-08 08:00:00+00:00	[0.25,0.50)
AVAX/USDT	2026-03-09 03:00:00+00:00	B	0.7222222222222222	0.06401766004415012	2026-03-09 00:00:00+00:00	[0.50,0.75)
ADA/USDT	2026-03-09 05:30:00+00:00	B	0.7947916666666667	0.04344453064390996	2026-03-09 04:00:00+00:00	[0.75,1.00]
AVAX/USDT	2026-03-09 19:15:00+00:00	A	0.6121527777777778	0.07708553326293563	2026-03-09 16:00:00+00:00	[0.50,0.75)
ADA/USDT	2026-03-10 02:30:00+00:00	B	0.6722222222222223	0.060502283105022724	2026-03-10 00:00:00+00:00	[0.50,0.75)
DOGE/USDT	2026-03-10 08:00:00+00:00	A	0.3625	0.09716991283761968	2026-03-10 08:00:00+00:00	[0.25,0.50)
DOGE/USDT	2026-03-10 13:00:00+00:00	B	0.7381944444444445	0.09375973419167268	2026-03-10 12:00:00+00:00	[0.50,0.75)
AVAX/USDT	2026-03-12 23:00:00+00:00	B	0.48368055555555556	0.06577595066803688	2026-03-12 20:00:00+00:00	[0.25,0.50)
BTC/USDT	2026-03-13 00:00:00+00:00	A	0.41944444444444445	0.047170795592375456	2026-03-13 00:00:00+00:00	[0.25,0.50)
ADA/USDT	2026-03-13 05:30:00+00:00	B	0.465625	0.06756265891754452	2026-03-13 04:00:00+00:00	[0.25,0.50)
BTC/USDT	2026-03-13 08:30:00+00:00	A	0.17118055555555556	0.050000556065282135	2026-03-13 08:00:00+00:00	[0.10,0.25)
AVAX/USDT	2026-03-13 13:15:00+00:00	B	0.8524305555555556	0.07563850687622786	2026-03-13 12:00:00+00:00	[0.75,1.00]
ETH/USDT	2026-03-14 23:00:00+00:00	A	0.15	0.05707818163584005	2026-03-14 20:00:00+00:00	[0.10,0.25)
ETH/USDT	2026-03-15 09:00:00+00:00	A	0.103125	0.09544187099848547	2026-03-15 08:00:00+00:00	[0.10,0.25)
XRP/USDT	2026-03-15 12:45:00+00:00	A	0.12534722222222222	0.05619161340169985	2026-03-15 12:00:00+00:00	[0.10,0.25)
ETH/USDT	2026-03-15 17:45:00+00:00	A	0.10104166666666667	0.10833961066340711	2026-03-15 16:00:00+00:00	[0.10,0.25)
LINK/USDT	2026-03-15 20:30:00+00:00	A	0.2861111111111111	0.08090614886731393	2026-03-15 20:00:00+00:00	[0.25,0.50)
AVAX/USDT	2026-03-16 03:15:00+00:00	B	0.5572916666666666	0.05049504950495065	2026-03-16 00:00:00+00:00	[0.50,0.75)
DOGE/USDT	2026-03-16 14:45:00+00:00	B	0.7072916666666667	0.06001551289509406	2026-03-16 12:00:00+00:00	[0.50,0.75)
XRP/USDT	2026-03-16 18:15:00+00:00	B	0.884375	0.07324035030814141	2026-03-16 16:00:00+00:00	[0.75,1.00]
XRP/USDT	2026-03-17 01:00:00+00:00	B	0.7295138888888889	0.07214979550102249	2026-03-17 00:00:00+00:00	[0.50,0.75)
XRP/USDT	2026-03-17 16:15:00+00:00	A	0.24965277777777778	0.06813403416557169	2026-03-17 16:00:00+00:00	[0.10,0.25)
ADA/USDT	2026-03-18 05:00:00+00:00	B	0.5878472222222222	0.08460754332313958	2026-03-18 04:00:00+00:00	[0.50,0.75)
SOL/USDT	2026-03-20 08:00:00+00:00	A	0.32222222222222224	0.02971175166297125	2026-03-20 08:00:00+00:00	[0.25,0.50)
LTC/USDT	2026-03-20 21:15:00+00:00	A	0.290625	0.018554861730597793	2026-03-20 20:00:00+00:00	[0.25,0.50)
DOGE/USDT	2026-03-21 15:45:00+00:00	A	0.11076388888888888	0.0493448858833475	2026-03-21 12:00:00+00:00	[0.10,0.25)
LTC/USDT	2026-03-23 11:00:00+00:00	B	0.9194444444444444	0.02511210762331849	2026-03-23 08:00:00+00:00	[0.75,1.00]
AVAX/USDT	2026-03-24 20:15:00+00:00	A	0.37256944444444445	0.03046218487394968	2026-03-24 20:00:00+00:00	[0.25,0.50)
DOGE/USDT	2026-03-25 06:15:00+00:00	B	0.7697916666666667	0.05851555281798594	2026-03-25 04:00:00+00:00	[0.75,1.00]
BTC/USDT	2026-03-25 08:30:00+00:00	A	0.26666666666666666	0.03107361784664212	2026-03-25 08:00:00+00:00	[0.25,0.50)
DOGE/USDT	2026-03-26 20:00:00+00:00	A	0.2013888888888889	0.037604608194761344	2026-03-26 20:00:00+00:00	[0.10,0.25)
SOL/USDT	2026-03-28 13:30:00+00:00	A	0.12881944444444443	0.031141454066355358	2026-03-28 12:00:00+00:00	[0.10,0.25)
XRP/USDT	2026-03-30 00:15:00+00:00	B	0.6104166666666667	0.037649700598802405	2026-03-30 00:00:00+00:00	[0.50,0.75)
ETH/USDT	2026-03-31 16:30:00+00:00	B	0.8006944444444445	0.036247660517168975	2026-03-31 16:00:00+00:00	[0.75,1.00]
XRP/USDT	2026-04-01 03:45:00+00:00	B	0.3770833333333333	0.045693939618722715	2026-04-01 00:00:00+00:00	[0.25,0.50)
AVAX/USDT	2026-04-01 05:15:00+00:00	B	0.6277777777777778	0.09040793825799341	2026-04-01 04:00:00+00:00	[0.50,0.75)
ETH/USDT	2026-04-01 17:00:00+00:00	B	0.571875	0.06893219669694088	2026-04-01 16:00:00+00:00	[0.50,0.75)
BTC/USDT	2026-04-02 14:30:00+00:00	B	0.5576388888888889	0.0171351993911807	2026-04-02 12:00:00+00:00	[0.50,0.75)
ETH/USDT	2026-04-04 15:00:00+00:00	A	0.01875	0.0303920329109246	2026-04-04 12:00:00+00:00	[0.00,0.05)
DOGE/USDT	2026-04-04 17:15:00+00:00	B	0.6597222222222222	0.036904761904761864	2026-04-04 16:00:00+00:00	[0.50,0.75)
ADA/USDT	2026-04-05 15:15:00+00:00	A	0.2902777777777778	0.07374027038099135	2026-04-05 12:00:00+00:00	[0.25,0.50)
ETH/USDT	2026-04-05 22:45:00+00:00	A	0.42569444444444443	0.044318939107005045	2026-04-05 20:00:00+00:00	[0.25,0.50)
BNB/USDT	2026-04-06 00:00:00+00:00	B	0.9590277777777778	0.02322196493549448	2026-04-06 00:00:00+00:00	[0.75,1.00]
LINK/USDT	2026-04-07 08:30:00+00:00	A	0.28854166666666664	0.0962627406568516	2026-04-07 08:00:00+00:00	[0.25,0.50)
BNB/USDT	2026-04-07 16:30:00+00:00	B	0.7072916666666667	0.03959491989706985	2026-04-07 16:00:00+00:00	[0.50,0.75)
DOGE/USDT	2026-04-07 22:00:00+00:00	B	0.8100694444444444	0.03672770103865513	2026-04-07 20:00:00+00:00	[0.75,1.00]
BNB/USDT	2026-04-09 15:30:00+00:00	B	0.3920138888888889	0.02430033226984948	2026-04-09 12:00:00+00:00	[0.25,0.50)
LINK/USDT	2026-04-09 22:15:00+00:00	B	0.5708333333333333	0.03296703296703285	2026-04-09 20:00:00+00:00	[0.50,0.75)
SOL/USDT	2026-04-10 12:30:00+00:00	B	0.4909722222222222	0.024723641982645886	2026-04-10 12:00:00+00:00	[0.25,0.50)
DOGE/USDT	2026-04-10 19:00:00+00:00	A	0.5326388888888889	0.03203781512605039	2026-04-10 16:00:00+00:00	[0.50,0.75)
ETH/USDT	2026-04-11 16:30:00+00:00	A	0.31666666666666665	0.06844376902381587	2026-04-11 16:00:00+00:00	[0.25,0.50)
AVAX/USDT	2026-04-13 06:15:00+00:00	B	0.5760416666666667	0.08069792802617233	2026-04-13 04:00:00+00:00	[0.50,0.75)
ADA/USDT	2026-04-13 12:45:00+00:00	A	0.2965277777777778	0.04809286898839137	2026-04-13 12:00:00+00:00	[0.25,0.50)
BTC/USDT	2026-04-13 19:15:00+00:00	B	0.6135416666666667	0.044033794353854135	2026-04-13 16:00:00+00:00	[0.50,0.75)
ETH/USDT	2026-04-13 22:00:00+00:00	B	0.86875	0.052574256563068994	2026-04-13 20:00:00+00:00	[0.75,1.00]
DOGE/USDT	2026-04-14 08:30:00+00:00	B	0.5600694444444444	0.05998304366256887	2026-04-14 08:00:00+00:00	[0.50,0.75)
SOL/USDT	2026-04-14 13:30:00+00:00	A	0.44722222222222224	0.057674632352941124	2026-04-14 12:00:00+00:00	[0.25,0.50)
XRP/USDT	2026-04-15 19:30:00+00:00	B	0.7145833333333333	0.06035097731488088	2026-04-15 16:00:00+00:00	[0.50,0.75)
DOGE/USDT	2026-04-16 03:45:00+00:00	B	0.9135416666666667	0.055555555555555476	2026-04-16 00:00:00+00:00	[0.75,1.00]
LINK/USDT	2026-04-16 13:00:00+00:00	B	0.6597222222222222	0.0648246546227419	2026-04-16 12:00:00+00:00	[0.50,0.75)
ADA/USDT	2026-04-16 18:30:00+00:00	B	0.9527777777777777	0.062087698874660514	2026-04-16 16:00:00+00:00	[0.75,1.00]
ETH/USDT	2026-04-17 12:45:00+00:00	B	0.6079861111111111	0.051210597098614155	2026-04-17 12:00:00+00:00	[0.50,0.75)
BTC/USDT	2026-04-19 13:15:00+00:00	B	0.7010416666666667	0.031967424915363626	2026-04-19 12:00:00+00:00	[0.50,0.75)
BTC/USDT	2026-04-20 07:15:00+00:00	B	0.6427083333333333	0.025783585200202574	2026-04-20 04:00:00+00:00	[0.50,0.75)
SOL/USDT	2026-04-20 15:15:00+00:00	A	0.32256944444444446	0.02204081632653062	2026-04-20 12:00:00+00:00	[0.25,0.50)
BTC/USDT	2026-04-20 18:00:00+00:00	B	0.7451388888888889	0.02458110915154128	2026-04-20 16:00:00+00:00	[0.50,0.75)
BNB/USDT	2026-04-21 10:30:00+00:00	B	0.7951388888888888	0.031195271453590266	2026-04-21 08:00:00+00:00	[0.75,1.00]
SOL/USDT	2026-04-21 14:30:00+00:00	B	0.47604166666666664	0.05786555786555776	2026-04-21 12:00:00+00:00	[0.25,0.50)
SOL/USDT	2026-04-22 02:15:00+00:00	B	0.8232638888888889	0.03851444291609353	2026-04-22 00:00:00+00:00	[0.75,1.00]
XRP/USDT	2026-04-22 05:15:00+00:00	B	0.8690972222222222	0.03508531487699576	2026-04-22 04:00:00+00:00	[0.75,1.00]
DOGE/USDT	2026-04-23 15:15:00+00:00	B	0.7013888888888888	0.03491118184618544	2026-04-23 12:00:00+00:00	[0.50,0.75)
BTC/USDT	2026-04-24 11:00:00+00:00	A	0.33055555555555555	0.015537250266339446	2026-04-24 08:00:00+00:00	[0.25,0.50)
SOL/USDT	2026-04-26 04:45:00+00:00	A	0.12465277777777778	0.025216888374783024	2026-04-26 04:00:00+00:00	[0.10,0.25)
ADA/USDT	2026-04-26 09:15:00+00:00	A	0.16006944444444443	0.03879651623119558	2026-04-26 08:00:00+00:00	[0.10,0.25)
ETH/USDT	2026-04-26 14:15:00+00:00	A	0.19756944444444444	0.04292358690888042	2026-04-26 12:00:00+00:00	[0.10,0.25)
AVAX/USDT	2026-04-26 18:30:00+00:00	A	0.3284722222222222	0.05147058823529414	2026-04-26 16:00:00+00:00	[0.25,0.50)
BTC/USDT	2026-04-26 21:45:00+00:00	A	0.21493055555555557	0.03858862464343064	2026-04-26 20:00:00+00:00	[0.10,0.25)
DOGE/USDT	2026-04-27 00:45:00+00:00	A	0.3611111111111111	0.03921960980490252	2026-04-27 00:00:00+00:00	[0.25,0.50)
LINK/USDT	2026-04-27 14:30:00+00:00	A	0.1423611111111111	0.023504273504273383	2026-04-27 12:00:00+00:00	[0.10,0.25)
DOGE/USDT	2026-04-28 04:00:00+00:00	A	0.4232638888888889	0.03547516738283213	2026-04-28 04:00:00+00:00	[0.25,0.50)
LTC/USDT	2026-04-28 19:45:00+00:00	B	0.4618055555555556	0.0606060606060606	2026-04-28 16:00:00+00:00	[0.25,0.50)
ADA/USDT	2026-04-29 04:30:00+00:00	B	0.5430555555555555	0.06287545054064875	2026-04-29 04:00:00+00:00	[0.50,0.75)
DOGE/USDT	2026-04-29 09:15:00+00:00	B	1.0	0.1028315946348734	2026-04-29 08:00:00+00:00	[0.75,1.00]
BTC/USDT	2026-04-30 12:15:00+00:00	A	0.11006944444444444	0.022341832513079224	2026-04-30 12:00:00+00:00	[0.10,0.25)
ETH/USDT	2026-05-01 03:15:00+00:00	A	0.49375	0.023278612473905134	2026-05-01 00:00:00+00:00	[0.25,0.50)
BNB/USDT	2026-05-01 12:15:00+00:00	A	0.25416666666666665	0.014602662363856505	2026-05-01 12:00:00+00:00	[0.25,0.50)
LTC/USDT	2026-05-01 18:15:00+00:00	B	0.47291666666666665	0.01610017889087654	2026-05-01 16:00:00+00:00	[0.25,0.50)
LINK/USDT	2026-05-02 14:45:00+00:00	A	0.18125	0.01971522453450161	2026-05-02 12:00:00+00:00	[0.10,0.25)
BTC/USDT	2026-05-02 21:30:00+00:00	A	0.13472222222222222	0.01502309195108839	2026-05-02 20:00:00+00:00	[0.10,0.25)
LINK/USDT	2026-05-03 22:00:00+00:00	A	0.13055555555555556	0.06195652173913047	2026-05-03 20:00:00+00:00	[0.10,0.25)
XRP/USDT	2026-05-04 01:45:00+00:00	B	0.7815972222222223	0.025126343511993814	2026-05-04 00:00:00+00:00	[0.75,1.00]
BNB/USDT	2026-05-04 04:00:00+00:00	B	0.9868055555555556	0.02989630701933819	2026-05-04 04:00:00+00:00	[0.75,1.00]
LINK/USDT	2026-05-04 08:45:00+00:00	B	0.5402777777777777	0.03936170212765968	2026-05-04 08:00:00+00:00	[0.50,0.75)
ETH/USDT	2026-05-04 14:45:00+00:00	B	0.6850694444444444	0.02677332703604206	2026-05-04 12:00:00+00:00	[0.50,0.75)
LINK/USDT	2026-05-05 10:15:00+00:00	B	0.6878472222222223	0.05900621118012407	2026-05-05 08:00:00+00:00	[0.50,0.75)
BNB/USDT	2026-05-05 13:00:00+00:00	B	0.6020833333333333	0.05757929988626319	2026-05-05 12:00:00+00:00	[0.50,0.75)
XRP/USDT	2026-05-06 07:15:00+00:00	B	0.584375	0.03758820652553627	2026-05-06 04:00:00+00:00	[0.50,0.75)
BTC/USDT	2026-05-06 08:30:00+00:00	A	0.2635416666666667	0.02600868714703956	2026-05-06 08:00:00+00:00	[0.25,0.50)
BNB/USDT	2026-05-06 12:15:00+00:00	B	0.9770833333333333	0.03443341654996043	2026-05-06 12:00:00+00:00	[0.75,1.00]
LINK/USDT	2026-05-08 14:30:00+00:00	B	0.571875	0.06487025948103778	2026-05-08 12:00:00+00:00	[0.50,0.75)
SOL/USDT	2026-05-08 17:15:00+00:00	B	0.9149305555555556	0.04262621789193987	2026-05-08 16:00:00+00:00	[0.75,1.00]
ADA/USDT	2026-05-08 21:30:00+00:00	B	0.8076388888888889	0.0324675324675325	2026-05-08 20:00:00+00:00	[0.75,1.00]
ETH/USDT	2026-05-09 17:00:00+00:00	B	0.41423611111111114	0.015735968725459515	2026-05-09 16:00:00+00:00	[0.25,0.50)
AVAX/USDT	2026-05-10 08:00:00+00:00	A	0.3871527777777778	0.05494505494505502	2026-05-10 08:00:00+00:00	[0.25,0.50)
XRP/USDT	2026-05-10 15:30:00+00:00	B	0.8059027777777777	0.049272349272349227	2026-05-10 12:00:00+00:00	[0.75,1.00]
SOL/USDT	2026-05-10 17:00:00+00:00	B	0.871875	0.04799411888258762	2026-05-10 16:00:00+00:00	[0.75,1.00]
BTC/USDT	2026-05-10 22:30:00+00:00	B	0.8284722222222223	0.02462330200757433	2026-05-10 20:00:00+00:00	[0.75,1.00]
BNB/USDT	2026-05-11 22:45:00+00:00	A	0.671875	0.03359400650687997	2026-05-11 20:00:00+00:00	[0.50,0.75)
BNB/USDT	2026-05-13 01:00:00+00:00	B	0.7534722222222222	0.032481876269402354	2026-05-13 00:00:00+00:00	[0.75,1.00]
DOGE/USDT	2026-05-13 04:30:00+00:00	B	0.7659722222222223	0.05170419151018951	2026-05-13 04:00:00+00:00	[0.75,1.00]
BNB/USDT	2026-05-14 12:45:00+00:00	B	0.6041666666666666	0.023870254330998975	2026-05-14 12:00:00+00:00	[0.50,0.75)
LTC/USDT	2026-05-14 18:00:00+00:00	B	0.9208333333333333	0.05392990813201772	2026-05-14 16:00:00+00:00	[0.75,1.00]
BNB/USDT	2026-05-15 07:15:00+00:00	B	0.8225694444444445	0.04916529611247758	2026-05-15 04:00:00+00:00	[0.75,1.00]
BTC/USDT	2026-05-20 05:00:00+00:00	A	0.38784722222222223	0.016682636281237787	2026-05-20 04:00:00+00:00	[0.25,0.50)
SOL/USDT	2026-05-20 14:30:00+00:00	B	0.47638888888888886	0.02278836040668462	2026-05-20 12:00:00+00:00	[0.25,0.50)
BTC/USDT	2026-05-21 17:00:00+00:00	B	0.5034722222222222	0.019715647049974624	2026-05-21 16:00:00+00:00	[0.50,0.75)
LINK/USDT	2026-05-23 20:30:00+00:00	B	0.9138888888888889	0.04557224236147087	2026-05-23 20:00:00+00:00	[0.75,1.00]
BTC/USDT	2026-05-24 10:15:00+00:00	A	0.37777777777777777	0.020610693940963248	2026-05-24 08:00:00+00:00	[0.25,0.50)
ADA/USDT	2026-05-25 08:45:00+00:00	B	0.7645833333333333	0.03495934959349592	2026-05-25 08:00:00+00:00	[0.75,1.00]
BNB/USDT	2026-05-25 12:00:00+00:00	A	0.29444444444444445	0.026628818599621545	2026-05-25 12:00:00+00:00	[0.25,0.50)
AVAX/USDT	2026-05-26 10:15:00+00:00	A	0.5385416666666667	0.047234900753635525	2026-05-26 08:00:00+00:00	[0.50,0.75)
DOGE/USDT	2026-05-26 14:15:00+00:00	B	0.7663194444444444	0.03383784825990552	2026-05-26 12:00:00+00:00	[0.75,1.00]
LTC/USDT	2026-05-28 15:30:00+00:00	B	0.7145833333333333	0.02278481012658231	2026-05-28 12:00:00+00:00	[0.50,0.75)
ETH/USDT	2026-05-29 15:00:00+00:00	B	0.7715277777777778	0.022075022401766356	2026-05-29 12:00:00+00:00	[0.75,1.00]
BNB/USDT	2026-05-29 16:30:00+00:00	B	0.846875	0.1091516469857054	2026-05-29 16:00:00+00:00	[0.75,1.00]
AVAX/USDT	2026-05-31 05:30:00+00:00	A	0.21631944444444445	0.030266210096100643	2026-05-31 04:00:00+00:00	[0.10,0.25)
DOGE/USDT	2026-06-01 03:00:00+00:00	B	0.4486111111111111	0.037311222978975475	2026-06-01 00:00:00+00:00	[0.25,0.50)
BNB/USDT	2026-06-01 09:30:00+00:00	B	0.9868055555555556	0.07734544846423994	2026-06-01 08:00:00+00:00	[0.75,1.00]
BNB/USDT	2026-06-07 01:00:00+00:00	B	0.43194444444444446	0.057989557038625066	2026-06-07 00:00:00+00:00	[0.25,0.50)
BNB/USDT	2026-06-07 05:15:00+00:00	B	0.6989583333333333	0.045591199480714606	2026-06-07 04:00:00+00:00	[0.50,0.75)
SOL/USDT	2026-06-07 08:45:00+00:00	B	0.8770833333333333	0.06487797483704716	2026-06-07 08:00:00+00:00	[0.75,1.00]
SOL/USDT	2026-06-07 22:00:00+00:00	B	0.953125	0.04739266082305746	2026-06-07 20:00:00+00:00	[0.75,1.00]
XRP/USDT	2026-06-09 04:30:00+00:00	B	0.6708333333333333	0.05402859833889902	2026-06-09 04:00:00+00:00	[0.50,0.75)
SOL/USDT	2026-06-10 12:30:00+00:00	B	0.5993055555555555	0.05925349922239506	2026-06-10 12:00:00+00:00	[0.50,0.75)
ADA/USDT	2026-06-11 03:45:00+00:00	B	0.81875	0.04744744744744739	2026-06-11 00:00:00+00:00	[0.75,1.00]
BNB/USDT	2026-06-11 08:00:00+00:00	B	0.42604166666666665	0.018794491384472204	2026-06-11 08:00:00+00:00	[0.25,0.50)
LINK/USDT	2026-06-11 17:30:00+00:00	B	0.5159722222222223	0.03272865660281608	2026-06-11 16:00:00+00:00	[0.50,0.75)
BTC/USDT	2026-06-12 15:00:00+00:00	B	0.7385416666666667	0.015448331572733523	2026-06-12 12:00:00+00:00	[0.50,0.75)
BTC/USDT	2026-06-13 21:30:00+00:00	A	0.4013888888888889	0.027241300109946437	2026-06-13 20:00:00+00:00	[0.25,0.50)
AVAX/USDT	2026-06-14 21:15:00+00:00	B	0.8256944444444444	0.06964798307901487	2026-06-14 20:00:00+00:00	[0.75,1.00]
LTC/USDT	2026-06-15 10:15:00+00:00	B	0.6635416666666667	0.02383555652744361	2026-06-15 08:00:00+00:00	[0.50,0.75)
ETH/USDT	2026-06-15 13:00:00+00:00	B	0.9756944444444444	0.05102365013628229	2026-06-15 12:00:00+00:00	[0.75,1.00]
XRP/USDT	2026-06-15 16:15:00+00:00	B	0.978125	0.0684304445651331	2026-06-15 16:00:00+00:00	[0.75,1.00]
BNB/USDT	2026-06-16 07:15:00+00:00	A	0.2611111111111111	0.029437495949711553	2026-06-16 04:00:00+00:00	[0.25,0.50)
BTC/USDT	2026-06-17 15:45:00+00:00	B	0.7642361111111111	0.06314895364399549	2026-06-17 12:00:00+00:00	[0.75,1.00]
BTC/USDT	2026-06-19 23:45:00+00:00	B	0.38819444444444445	0.018944222979039232	2026-06-19 20:00:00+00:00	[0.25,0.50)
ETH/USDT	2026-06-20 05:00:00+00:00	A	0.4322916666666667	0.023957911776608692	2026-06-20 04:00:00+00:00	[0.25,0.50)
BTC/USDT	2026-06-20 14:45:00+00:00	B	0.46597222222222223	0.013413468981186848	2026-06-20 12:00:00+00:00	[0.25,0.50)
XRP/USDT	2026-06-20 22:00:00+00:00	A	0.21840277777777778	0.02862595419847321	2026-06-20 20:00:00+00:00	[0.10,0.25)
LTC/USDT	2026-06-21 10:15:00+00:00	B	0.5392361111111111	0.03737284387439181	2026-06-21 08:00:00+00:00	[0.50,0.75)
DOGE/USDT	2026-06-21 17:00:00+00:00	A	0.06979166666666667	0.03524913370773084	2026-06-21 16:00:00+00:00	[0.05,0.10)
XRP/USDT	2026-06-22 01:15:00+00:00	B	0.6184027777777777	0.03684989981705724	2026-06-22 00:00:00+00:00	[0.50,0.75)
LINK/USDT	2026-06-22 11:30:00+00:00	B	0.3972222222222222	0.08385016125031002	2026-06-22 08:00:00+00:00	[0.25,0.50)
BTC/USDT	2026-06-22 13:30:00+00:00	B	0.8972222222222223	0.05633435254548237	2026-06-22 12:00:00+00:00	[0.75,1.00]
LINK/USDT	2026-06-23 14:00:00+00:00	B	0.4642361111111111	0.0329411764705882	2026-06-23 12:00:00+00:00	[0.25,0.50)
BNB/USDT	2026-06-24 11:45:00+00:00	A	0.21979166666666666	0.058176236223460256	2026-06-24 08:00:00+00:00	[0.10,0.25)
AVAX/USDT	2026-06-26 22:30:00+00:00	B	0.6423611111111112	0.05207535610353804	2026-06-26 20:00:00+00:00	[0.50,0.75)
LTC/USDT	2026-06-27 07:15:00+00:00	A	0.07777777777777778	0.03345900094250694	2026-06-27 04:00:00+00:00	[0.05,0.10)
ETH/USDT	2026-06-27 15:00:00+00:00	B	0.528125	0.030249663961766253	2026-06-27 12:00:00+00:00	[0.50,0.75)
SOL/USDT	2026-06-28 08:30:00+00:00	B	0.5631944444444444	0.049812682114610846	2026-06-28 08:00:00+00:00	[0.50,0.75)
ETH/USDT	2026-06-29 03:00:00+00:00	B	0.5958333333333333	0.05065632872629925	2026-06-29 00:00:00+00:00	[0.50,0.75)
LINK/USDT	2026-06-29 12:00:00+00:00	A	0.2986111111111111	0.04040540540540546	2026-06-29 12:00:00+00:00	[0.25,0.50)
ETH/USDT	2026-06-29 17:00:00+00:00	B	0.7996527777777778	0.05405739809332905	2026-06-29 16:00:00+00:00	[0.75,1.00]
